{
    "CapturedObjects": [
        {
            "ActorName": "CAR 04",
            "BoundingBox3D Extent X": 4.7388153076171875,
            "BoundingBox3D Extent Y": 2.0734503269195557,
            "BoundingBox3D Extent Z": 1.95722234249115,
            "BoundingBox3D Orientation Quat W": 1,
            "BoundingBox3D Orientation Quat X": 0,
            "BoundingBox3D Orientation Quat Y": 0,
            "BoundingBox3D Orientation Quat Z": 0,
            "BoundingBox3D Origin X": 115.75137329101562,
            "BoundingBox3D Origin Y": -5.624157428741455,
            "BoundingBox3D Origin Z": 0.4738604426383972,
            "ObjectId": 4,
            "ObjectType": "CAR",
            "Occluded": 0,
            "Relative Velocity X": -1.4893722534179688,
            "Relative Velocity Y": -0.5350580215454102,
            "Relative Velocity Z": -0.04003766179084778,
            "Truncated": 0
        },
        {
            "ActorName": "TRUCK 05",
            "BoundingBox3D Extent X": 16.6685791015625,
            "BoundingBox3D Extent Y": 2.8649961948394775,
            "BoundingBox3D Extent Z": 3.925795555114746,
            "BoundingBox3D Orientation Quat W": 0.9999937415122986,
            "BoundingBox3D Orientation Quat X": -1.7431506904586058e-08,
            "BoundingBox3D Orientation Quat Y": 7.545297648903215e-07,
            "BoundingBox3D Orientation Quat Z": 0.0035545863211154938,
            "BoundingBox3D Origin X": -94.64440155029297,
            "BoundingBox3D Origin Y": -3.09070086479187,
            "BoundingBox3D Origin Z": 2.107921600341797,
            "ObjectId": 5,
            "ObjectType": "TRUCK",
            "Occluded": 0,
            "Relative Velocity X": -6.018898010253906,
            "Relative Velocity Y": -0.13051724433898926,
            "Relative Velocity Z": -7.152557373046875e-07,
            "Truncated": 0
        },
        {
            "ActorName": "CAR 06",
            "BoundingBox3D Extent X": 5.29120397567749,
            "BoundingBox3D Extent Y": 2.0086662769317627,
            "BoundingBox3D Extent Z": 1.513735055923462,
            "BoundingBox3D Orientation Quat W": 0.9999929070472717,
            "BoundingBox3D Orientation Quat X": -2.1730430788124977e-08,
            "BoundingBox3D Orientation Quat Y": 1.6924044388133552e-08,
            "BoundingBox3D Orientation Quat Z": 0.003783656284213066,
            "BoundingBox3D Origin X": -68.79139709472656,
            "BoundingBox3D Origin Y": 0.10555095970630646,
            "BoundingBox3D Origin Z": 0.7606877684593201,
            "ObjectId": 6,
            "ObjectType": "CAR",
            "Occluded": 0,
            "Relative Velocity X": -1.944366455078125,
            "Relative Velocity Y": -0.07574144005775452,
            "Relative Velocity Z": 0,
            "Truncated": 0
        },
        {
            "ActorName": "CAR 07",
            "BoundingBox3D Extent X": 5.167489051818848,
            "BoundingBox3D Extent Y": 2.1132826805114746,
            "BoundingBox3D Extent Z": 1.606276035308838,
            "BoundingBox3D Orientation Quat W": 0.9999985694885254,
            "BoundingBox3D Orientation Quat X": 0,
            "BoundingBox3D Orientation Quat Y": 0,
            "BoundingBox3D Orientation Quat Z": -0.001747680245898664,
            "BoundingBox3D Origin X": -74.44559478759766,
            "BoundingBox3D Origin Y": -5.9135894775390625,
            "BoundingBox3D Origin Z": 0.8260172605514526,
            "ObjectId": 7,
            "ObjectType": "CAR",
            "Occluded": 0,
            "Relative Velocity X": -2.0124053955078125,
            "Relative Velocity Y": 0.6359896659851074,
            "Relative Velocity Z": -0.023732662200927734,
            "Truncated": 0
        },
        {
            "ActorName": "CAR 02",
            "BoundingBox3D Extent X": 3.9690423011779785,
            "BoundingBox3D Extent Y": 1.7145068645477295,
            "BoundingBox3D Extent Z": 1.554603934288025,
            "BoundingBox3D Orientation Quat W": 0.9997959733009338,
            "BoundingBox3D Orientation Quat X": -9.88031434445702e-10,
            "BoundingBox3D Orientation Quat Y": 5.373250455686929e-11,
            "BoundingBox3D Orientation Quat Z": 0.020197587087750435,
            "BoundingBox3D Origin X": 64.2091064453125,
            "BoundingBox3D Origin Y": -6.478090286254883,
            "BoundingBox3D Origin Z": 0.5760115385055542,
            "ObjectId": 2,
            "ObjectType": "CAR",
            "Occluded": 0,
            "Relative Velocity X": 3.502471923828125,
            "Relative Velocity Y": 1.1541008949279785,
            "Relative Velocity Z": -0.01158285140991211,
            "Truncated": 0
        },
        {
            "ActorName": "VAN 01",
            "BoundingBox3D Extent X": 5.291935443878174,
            "BoundingBox3D Extent Y": 2.1456520557403564,
            "BoundingBox3D Extent Z": 2.0940957069396973,
            "BoundingBox3D Orientation Quat W": 0.9999991655349731,
            "BoundingBox3D Orientation Quat X": -2.4029733758368366e-09,
            "BoundingBox3D Orientation Quat Y": -4.0175596183189555e-09,
            "BoundingBox3D Orientation Quat Z": 0.0012678410857915878,
            "BoundingBox3D Origin X": -1.5774677991867065,
            "BoundingBox3D Origin Y": -4.039926052093506,
            "BoundingBox3D Origin Z": 1.0544493198394775,
            "ObjectId": 1,
            "ObjectType": "VAN",
            "Occluded": 0,
            "Relative Velocity X": -6.258746147155762,
            "Relative Velocity Y": 0.04223299026489258,
            "Relative Velocity Z": -0.012889385223388672,
            "Truncated": 0
        },
        {
            "ActorName": "CAR 00",
            "BoundingBox3D Extent X": 4.348998546600342,
            "BoundingBox3D Extent Y": 1.8762915134429932,
            "BoundingBox3D Extent Z": 1.5220270156860352,
            "BoundingBox3D Orientation Quat W": 0.9998451471328735,
            "BoundingBox3D Orientation Quat X": 0,
            "BoundingBox3D Orientation Quat Y": 0,
            "BoundingBox3D Orientation Quat Z": 0.017599349841475487,
            "BoundingBox3D Origin X": -14.920300483703613,
            "BoundingBox3D Origin Y": -4.414200305938721,
            "BoundingBox3D Origin Z": 0.7860243320465088,
            "ObjectId": 0,
            "ObjectType": "CAR",
            "Occluded": 0,
            "Relative Velocity X": -6.404325485229492,
            "Relative Velocity Y": 0.688880443572998,
            "Relative Velocity Z": 0.011434316635131836,
            "Truncated": 0
        },
        {
            "ActorName": "VAN 03",
            "BoundingBox3D Extent X": 6.0255866050720215,
            "BoundingBox3D Extent Y": 2.144935131072998,
            "BoundingBox3D Extent Z": 2.8196897506713867,
            "BoundingBox3D Orientation Quat W": 0.999999463558197,
            "BoundingBox3D Orientation Quat X": 0,
            "BoundingBox3D Orientation Quat Y": 0,
            "BoundingBox3D Orientation Quat Z": -0.001042065559886396,
            "BoundingBox3D Origin X": 48.616966247558594,
            "BoundingBox3D Origin Y": -4.2118239402771,
            "BoundingBox3D Origin Z": 1.2697781324386597,
            "ObjectId": 3,
            "ObjectType": "VAN",
            "Occluded": 0,
            "Relative Velocity X": -4.985740661621094,
            "Relative Velocity Y": -0.11543846130371094,
            "Relative Velocity Z": -0.029006004333496094,
            "Truncated": 0
        }
    ],
    "Timestamp": "4833656247000"
}