{
    "CapturedObjects": [
        {
            "ActorName": "CAR 04",
            "BoundingBox3D Extent X": 4.7388153076171875,
            "BoundingBox3D Extent Y": 2.0734503269195557,
            "BoundingBox3D Extent Z": 1.9572222232818604,
            "BoundingBox3D Orientation Quat W": 1,
            "BoundingBox3D Orientation Quat X": 0,
            "BoundingBox3D Orientation Quat Y": 0,
            "BoundingBox3D Orientation Quat Z": 0,
            "BoundingBox3D Origin X": 113.5358657836914,
            "BoundingBox3D Origin Y": -6.521531105041504,
            "BoundingBox3D Origin Z": 0.32655298709869385,
            "ObjectId": 4,
            "ObjectType": "CAR",
            "Occluded": 0,
            "Relative Velocity X": -1.3000106811523438,
            "Relative Velocity Y": -0.4779787063598633,
            "Relative Velocity Z": -0.005007356405258179,
            "Truncated": 0
        },
        {
            "ActorName": "TRUCK 05",
            "BoundingBox3D Extent X": 16.6685791015625,
            "BoundingBox3D Extent Y": 2.8649961948394775,
            "BoundingBox3D Extent Z": 3.925795555114746,
            "BoundingBox3D Orientation Quat W": 0.9999727606773376,
            "BoundingBox3D Orientation Quat X": 2.1850774523102245e-09,
            "BoundingBox3D Orientation Quat Y": 3.964520658428228e-07,
            "BoundingBox3D Orientation Quat Z": -0.007396145258098841,
            "BoundingBox3D Origin X": -104.06039428710938,
            "BoundingBox3D Origin Y": -3.2204055786132812,
            "BoundingBox3D Origin Z": 2.11185359954834,
            "ObjectId": 5,
            "ObjectType": "TRUCK",
            "Occluded": 0,
            "Relative Velocity X": -6.171134948730469,
            "Relative Velocity Y": -0.2603316307067871,
            "Relative Velocity Z": 0.13976168632507324,
            "Truncated": 0
        },
        {
            "ActorName": "CAR 06",
            "BoundingBox3D Extent X": 5.29120397567749,
            "BoundingBox3D Extent Y": 2.0086662769317627,
            "BoundingBox3D Extent Z": 1.513735055923462,
            "BoundingBox3D Orientation Quat W": 0.9999966621398926,
            "BoundingBox3D Orientation Quat X": 4.200703340728751e-09,
            "BoundingBox3D Orientation Quat Y": -2.1177722686616107e-08,
            "BoundingBox3D Orientation Quat Z": -0.002587677910923958,
            "BoundingBox3D Origin X": -71.92024230957031,
            "BoundingBox3D Origin Y": -0.04586128517985344,
            "BoundingBox3D Origin Z": 0.7606877088546753,
            "ObjectId": 6,
            "ObjectType": "CAR",
            "Occluded": 0,
            "Relative Velocity X": -2.073394775390625,
            "Relative Velocity Y": -0.2808571755886078,
            "Relative Velocity Z": -5.960464477539063e-08,
            "Truncated": 0
        },
        {
            "ActorName": "CAR 07",
            "BoundingBox3D Extent X": 5.167489051818848,
            "BoundingBox3D Extent Y": 2.1132826805114746,
            "BoundingBox3D Extent Z": 1.606276035308838,
            "BoundingBox3D Orientation Quat W": 0.9999985694885254,
            "BoundingBox3D Orientation Quat X": 0,
            "BoundingBox3D Orientation Quat Y": 0,
            "BoundingBox3D Orientation Quat Z": -0.001747680245898664,
            "BoundingBox3D Origin X": -77.83045959472656,
            "BoundingBox3D Origin Y": -4.9767656326293945,
            "BoundingBox3D Origin Z": 0.8260172605514526,
            "ObjectId": 7,
            "ObjectType": "CAR",
            "Occluded": 0,
            "Relative Velocity X": -1.9439620971679688,
            "Relative Velocity Y": 0.4545602798461914,
            "Relative Velocity Z": 0,
            "Truncated": 0
        },
        {
            "ActorName": "CAR 02",
            "BoundingBox3D Extent X": 3.9690418243408203,
            "BoundingBox3D Extent Y": 1.7145068645477295,
            "BoundingBox3D Extent Z": 1.5546038150787354,
            "BoundingBox3D Orientation Quat W": 0.9999250173568726,
            "BoundingBox3D Orientation Quat X": -2.1925006254974733e-09,
            "BoundingBox3D Orientation Quat Y": 3.9970696197322297e-10,
            "BoundingBox3D Orientation Quat Z": 0.012244069017469883,
            "BoundingBox3D Origin X": 69.66305541992188,
            "BoundingBox3D Origin Y": -5.184605598449707,
            "BoundingBox3D Origin Z": 0.5469067096710205,
            "ObjectId": 2,
            "ObjectType": "CAR",
            "Occluded": 0,
            "Relative Velocity X": 3.6755599975585938,
            "Relative Velocity Y": 0.16787481307983398,
            "Relative Velocity Z": -0.035082459449768066,
            "Truncated": 0
        },
        {
            "ActorName": "VAN 01",
            "BoundingBox3D Extent X": 5.291935443878174,
            "BoundingBox3D Extent Y": 2.1456520557403564,
            "BoundingBox3D Extent Z": 2.0940957069396973,
            "BoundingBox3D Orientation Quat W": 0.9999991655349731,
            "BoundingBox3D Orientation Quat X": -2.4029733758368366e-09,
            "BoundingBox3D Orientation Quat Y": -4.0175596183189555e-09,
            "BoundingBox3D Orientation Quat Z": 0.0012678410857915878,
            "BoundingBox3D Origin X": -11.33088207244873,
            "BoundingBox3D Origin Y": -4.0074872970581055,
            "BoundingBox3D Origin Z": 1.0408177375793457,
            "ObjectId": 1,
            "ObjectType": "VAN",
            "Occluded": 0,
            "Relative Velocity X": -6.328634262084961,
            "Relative Velocity Y": 0.029154539108276367,
            "Relative Velocity Z": 0.061661720275878906,
            "Truncated": 0
        },
        {
            "ActorName": "CAR 00",
            "BoundingBox3D Extent X": 4.348998546600342,
            "BoundingBox3D Extent Y": 1.8762915134429932,
            "BoundingBox3D Extent Z": 1.5220270156860352,
            "BoundingBox3D Orientation Quat W": 0.9999913573265076,
            "BoundingBox3D Orientation Quat X": 4.6136763853787954e-10,
            "BoundingBox3D Orientation Quat Y": 4.917744877985797e-09,
            "BoundingBox3D Orientation Quat Z": 0.004170966800302267,
            "BoundingBox3D Origin X": -24.796796798706055,
            "BoundingBox3D Origin Y": -3.9708070755004883,
            "BoundingBox3D Origin Z": 0.8342841863632202,
            "ObjectId": 0,
            "ObjectType": "CAR",
            "Occluded": 0,
            "Relative Velocity X": -6.617780685424805,
            "Relative Velocity Y": 0.07848024368286133,
            "Relative Velocity Z": 0.04691159725189209,
            "Truncated": 0
        },
        {
            "ActorName": "VAN 03",
            "BoundingBox3D Extent X": 6.025586128234863,
            "BoundingBox3D Extent Y": 2.144935131072998,
            "BoundingBox3D Extent Z": 2.8196897506713867,
            "BoundingBox3D Orientation Quat W": 1,
            "BoundingBox3D Orientation Quat X": 0,
            "BoundingBox3D Orientation Quat Y": 0,
            "BoundingBox3D Orientation Quat Z": 8.14199447631836e-05,
            "BoundingBox3D Origin X": 40.892494201660156,
            "BoundingBox3D Origin Y": -4.430908203125,
            "BoundingBox3D Origin Z": 1.2598921060562134,
            "ObjectId": 3,
            "ObjectType": "VAN",
            "Occluded": 0,
            "Relative Velocity X": -5.082588195800781,
            "Relative Velocity Y": -0.22349309921264648,
            "Relative Velocity Z": -0.00022745132446289062,
            "Truncated": 0
        }
    ],
    "Timestamp": "4835189579000"
}