{
    "CapturedObjects": [
        {
            "ActorName": "CAR 04",
            "BoundingBox3D Extent X": 4.7388153076171875,
            "BoundingBox3D Extent Y": 2.0734503269195557,
            "BoundingBox3D Extent Z": 1.9572224617004395,
            "BoundingBox3D Orientation Quat W": 1,
            "BoundingBox3D Orientation Quat X": 0,
            "BoundingBox3D Orientation Quat Y": 0,
            "BoundingBox3D Orientation Quat Z": 0,
            "BoundingBox3D Origin X": 114.05294036865234,
            "BoundingBox3D Origin Y": -6.332664489746094,
            "BoundingBox3D Origin Z": 0.32655301690101624,
            "ObjectId": 4,
            "ObjectType": "CAR",
            "Occluded": 0,
            "Relative Velocity X": -1.388671875,
            "Relative Velocity Y": -0.5479574203491211,
            "Relative Velocity Z": -0.06511259078979492,
            "Truncated": 0
        },
        {
            "ActorName": "TRUCK 05",
            "BoundingBox3D Extent X": 16.6685791015625,
            "BoundingBox3D Extent Y": 2.8649961948394775,
            "BoundingBox3D Extent Z": 3.925795793533325,
            "BoundingBox3D Orientation Quat W": 0.9999703764915466,
            "BoundingBox3D Orientation Quat X": 1.647383673919478e-09,
            "BoundingBox3D Orientation Quat Y": 1.898267498745554e-07,
            "BoundingBox3D Orientation Quat Z": -0.0077168806456029415,
            "BoundingBox3D Origin X": -101.58216857910156,
            "BoundingBox3D Origin Y": -3.11161732673645,
            "BoundingBox3D Origin Z": 2.05401873588562,
            "ObjectId": 5,
            "ObjectType": "TRUCK",
            "Occluded": 0,
            "Relative Velocity X": -6.1647491455078125,
            "Relative Velocity Y": -0.16661500930786133,
            "Relative Velocity Z": 0.06473493576049805,
            "Truncated": 0
        },
        {
            "ActorName": "CAR 06",
            "BoundingBox3D Extent X": 5.291204452514648,
            "BoundingBox3D Extent Y": 2.0086662769317627,
            "BoundingBox3D Extent Z": 1.513735055923462,
            "BoundingBox3D Orientation Quat W": 0.999962329864502,
            "BoundingBox3D Orientation Quat X": 1.4794785396787802e-09,
            "BoundingBox3D Orientation Quat Y": -5.605781616679906e-09,
            "BoundingBox3D Orientation Quat Z": -0.008673989214003086,
            "BoundingBox3D Origin X": -71.09382629394531,
            "BoundingBox3D Origin Y": 0.06478829681873322,
            "BoundingBox3D Origin Z": 0.7606877684593201,
            "ObjectId": 6,
            "ObjectType": "CAR",
            "Occluded": 0,
            "Relative Velocity X": -2.05169677734375,
            "Relative Velocity Y": -0.17661139369010925,
            "Relative Velocity Z": -5.960464477539063e-08,
            "Truncated": 0
        },
        {
            "ActorName": "CAR 07",
            "BoundingBox3D Extent X": 5.167489051818848,
            "BoundingBox3D Extent Y": 2.1132826805114746,
            "BoundingBox3D Extent Z": 1.606276035308838,
            "BoundingBox3D Orientation Quat W": 0.9999985694885254,
            "BoundingBox3D Orientation Quat X": 0,
            "BoundingBox3D Orientation Quat Y": 0,
            "BoundingBox3D Orientation Quat Z": -0.001747680245898664,
            "BoundingBox3D Origin X": -77.04948425292969,
            "BoundingBox3D Origin Y": -5.163143634796143,
            "BoundingBox3D Origin Z": 0.8260172605514526,
            "ObjectId": 7,
            "ObjectType": "CAR",
            "Occluded": 0,
            "Relative Velocity X": -2.0958404541015625,
            "Relative Velocity Y": 0.5474815368652344,
            "Relative Velocity Z": 0,
            "Truncated": 0
        },
        {
            "ActorName": "CAR 02",
            "BoundingBox3D Extent X": 3.9690423011779785,
            "BoundingBox3D Extent Y": 1.7145068645477295,
            "BoundingBox3D Extent Z": 1.5546040534973145,
            "BoundingBox3D Orientation Quat W": 0.9996869564056396,
            "BoundingBox3D Orientation Quat X": -3.131888082208434e-10,
            "BoundingBox3D Orientation Quat Y": 5.709633807415848e-11,
            "BoundingBox3D Orientation Quat Z": 0.025018366053700447,
            "BoundingBox3D Origin X": 68.19038391113281,
            "BoundingBox3D Origin Y": -5.238157749176025,
            "BoundingBox3D Origin Z": 0.5612642765045166,
            "ObjectId": 2,
            "ObjectType": "CAR",
            "Occluded": 0,
            "Relative Velocity X": 3.6039352416992188,
            "Relative Velocity Y": 0.5759801864624023,
            "Relative Velocity Z": -0.025358140468597412,
            "Truncated": 0
        },
        {
            "ActorName": "VAN 01",
            "BoundingBox3D Extent X": 5.291935443878174,
            "BoundingBox3D Extent Y": 2.1456520557403564,
            "BoundingBox3D Extent Z": 2.0940957069396973,
            "BoundingBox3D Orientation Quat W": 0.9999991655349731,
            "BoundingBox3D Orientation Quat X": -2.4029733758368366e-09,
            "BoundingBox3D Orientation Quat Y": -4.0175596183189555e-09,
            "BoundingBox3D Orientation Quat Z": 0.0012678410857915878,
            "BoundingBox3D Origin X": -8.800199508666992,
            "BoundingBox3D Origin Y": -4.0185136795043945,
            "BoundingBox3D Origin Z": 1.0154340267181396,
            "ObjectId": 1,
            "ObjectType": "VAN",
            "Occluded": 0,
            "Relative Velocity X": -6.345887184143066,
            "Relative Velocity Y": 0.023961544036865234,
            "Relative Velocity Z": 0.022780776023864746,
            "Truncated": 0
        },
        {
            "ActorName": "CAR 00",
            "BoundingBox3D Extent X": 4.348998546600342,
            "BoundingBox3D Extent Y": 1.8762915134429932,
            "BoundingBox3D Extent Z": 1.5220271348953247,
            "BoundingBox3D Orientation Quat W": 0.9999933838844299,
            "BoundingBox3D Orientation Quat X": -1.09236009127045e-09,
            "BoundingBox3D Orientation Quat Y": 9.170788572987476e-09,
            "BoundingBox3D Orientation Quat Z": 0.0036437478847801685,
            "BoundingBox3D Origin X": -22.145883560180664,
            "BoundingBox3D Origin Y": -4.003366947174072,
            "BoundingBox3D Origin Z": 0.8139829635620117,
            "ObjectId": 0,
            "ObjectType": "CAR",
            "Occluded": 0,
            "Relative Velocity X": -6.522594451904297,
            "Relative Velocity Y": 0.19821643829345703,
            "Relative Velocity Z": 0.039913058280944824,
            "Truncated": 0
        },
        {
            "ActorName": "VAN 03",
            "BoundingBox3D Extent X": 6.0255866050720215,
            "BoundingBox3D Extent Y": 2.144935131072998,
            "BoundingBox3D Extent Z": 2.819689989089966,
            "BoundingBox3D Orientation Quat W": 1,
            "BoundingBox3D Orientation Quat X": 0,
            "BoundingBox3D Orientation Quat Y": 0,
            "BoundingBox3D Orientation Quat Z": 8.14199447631836e-05,
            "BoundingBox3D Origin X": 42.926456451416016,
            "BoundingBox3D Origin Y": -4.339868545532227,
            "BoundingBox3D Origin Z": 1.2598921060562134,
            "ObjectId": 3,
            "ObjectType": "VAN",
            "Occluded": 0,
            "Relative Velocity X": -5.057159423828125,
            "Relative Velocity Y": -0.17430734634399414,
            "Relative Velocity Z": -0.002956390380859375,
            "Truncated": 0
        }
    ],
    "Timestamp": "4834789579000"
}