{
    "CapturedObjects": [
        {
            "ActorName": "CAR 04",
            "BoundingBox3D Extent X": 4.7388153076171875,
            "BoundingBox3D Extent Y": 2.0734503269195557,
            "BoundingBox3D Extent Z": 1.95722234249115,
            "BoundingBox3D Orientation Quat W": 1,
            "BoundingBox3D Orientation Quat X": 0,
            "BoundingBox3D Orientation Quat Y": 0,
            "BoundingBox3D Orientation Quat Z": 0,
            "BoundingBox3D Origin X": 115.45150756835938,
            "BoundingBox3D Origin Y": -5.740374565124512,
            "BoundingBox3D Origin Z": 0.4567776322364807,
            "ObjectId": 4,
            "ObjectType": "CAR",
            "Occluded": 0,
            "Relative Velocity X": -1.4981689453125,
            "Relative Velocity Y": -0.5745925903320312,
            "Relative Velocity Z": -0.07893306016921997,
            "Truncated": 0
        },
        {
            "ActorName": "TRUCK 05",
            "BoundingBox3D Extent X": 16.6685791015625,
            "BoundingBox3D Extent Y": 2.8649961948394775,
            "BoundingBox3D Extent Z": 3.925795316696167,
            "BoundingBox3D Orientation Quat W": 0.9999992847442627,
            "BoundingBox3D Orientation Quat X": -1.365226420801946e-08,
            "BoundingBox3D Orientation Quat Y": 6.278397677306202e-07,
            "BoundingBox3D Orientation Quat Z": 0.0012792563065886497,
            "BoundingBox3D Origin X": -95.8665542602539,
            "BoundingBox3D Origin Y": -3.087632179260254,
            "BoundingBox3D Origin Z": 2.093287706375122,
            "ObjectId": 5,
            "ObjectType": "TRUCK",
            "Occluded": 0,
            "Relative Velocity X": -6.05609130859375,
            "Relative Velocity Y": -0.07218337059020996,
            "Relative Velocity Z": -0.02926802635192871,
            "Truncated": 0
        },
        {
            "ActorName": "CAR 06",
            "BoundingBox3D Extent X": 5.291203498840332,
            "BoundingBox3D Extent Y": 2.0086662769317627,
            "BoundingBox3D Extent Z": 1.513735055923462,
            "BoundingBox3D Orientation Quat W": 0.9999997019767761,
            "BoundingBox3D Orientation Quat X": -1.7270769703259248e-08,
            "BoundingBox3D Orientation Quat Y": 1.3456884495610666e-08,
            "BoundingBox3D Orientation Quat Z": 0.000886822585016489,
            "BoundingBox3D Origin X": -69.19672393798828,
            "BoundingBox3D Origin Y": 0.1047748327255249,
            "BoundingBox3D Origin Z": 0.7606877088546753,
            "ObjectId": 6,
            "ObjectType": "CAR",
            "Occluded": 0,
            "Relative Velocity X": -1.9774246215820312,
            "Relative Velocity Y": -0.04700286686420441,
            "Relative Velocity Z": 0,
            "Truncated": 0
        },
        {
            "ActorName": "CAR 07",
            "BoundingBox3D Extent X": 5.167489051818848,
            "BoundingBox3D Extent Y": 2.1132826805114746,
            "BoundingBox3D Extent Z": 1.606276035308838,
            "BoundingBox3D Orientation Quat W": 0.9999985694885254,
            "BoundingBox3D Orientation Quat X": 0,
            "BoundingBox3D Orientation Quat Y": 0,
            "BoundingBox3D Orientation Quat Z": -0.001747680245898664,
            "BoundingBox3D Origin X": -74.91423034667969,
            "BoundingBox3D Origin Y": -5.775946617126465,
            "BoundingBox3D Origin Z": 0.8260172605514526,
            "ObjectId": 7,
            "ObjectType": "CAR",
            "Occluded": 0,
            "Relative Velocity X": -2.1448822021484375,
            "Relative Velocity Y": 0.6569280624389648,
            "Relative Velocity Z": -0.014241337776184082,
            "Truncated": 0
        },
        {
            "ActorName": "CAR 02",
            "BoundingBox3D Extent X": 3.9690418243408203,
            "BoundingBox3D Extent Y": 1.7145068645477295,
            "BoundingBox3D Extent Z": 1.554603934288025,
            "BoundingBox3D Orientation Quat W": 0.999768853187561,
            "BoundingBox3D Orientation Quat X": -8.028079867550275e-10,
            "BoundingBox3D Orientation Quat Y": 4.365942676831658e-11,
            "BoundingBox3D Orientation Quat Z": 0.02150043472647667,
            "BoundingBox3D Origin X": 64.90946197509766,
            "BoundingBox3D Origin Y": -6.247313499450684,
            "BoundingBox3D Origin Z": 0.5736954212188721,
            "ObjectId": 2,
            "ObjectType": "CAR",
            "Occluded": 0,
            "Relative Velocity X": 3.502471923828125,
            "Relative Velocity Y": 1.1541013717651367,
            "Relative Velocity Z": -0.011582911014556885,
            "Truncated": 0
        },
        {
            "ActorName": "VAN 01",
            "BoundingBox3D Extent X": 5.291934967041016,
            "BoundingBox3D Extent Y": 2.1456520557403564,
            "BoundingBox3D Extent Z": 2.0940957069396973,
            "BoundingBox3D Orientation Quat W": 0.9999991655349731,
            "BoundingBox3D Orientation Quat X": -2.4029733758368366e-09,
            "BoundingBox3D Orientation Quat Y": -4.0175596183189555e-09,
            "BoundingBox3D Orientation Quat Z": 0.0012678410857915878,
            "BoundingBox3D Origin X": -2.8531107902526855,
            "BoundingBox3D Origin Y": -4.036378860473633,
            "BoundingBox3D Origin Z": 1.0449554920196533,
            "ObjectId": 1,
            "ObjectType": "VAN",
            "Occluded": 0,
            "Relative Velocity X": -6.307009696960449,
            "Relative Velocity Y": 0.03243732452392578,
            "Relative Velocity Z": -0.026722192764282227,
            "Truncated": 0
        },
        {
            "ActorName": "CAR 00",
            "BoundingBox3D Extent X": 4.348998546600342,
            "BoundingBox3D Extent Y": 1.8762915134429932,
            "BoundingBox3D Extent Z": 1.5220270156860352,
            "BoundingBox3D Orientation Quat W": 0.9998908638954163,
            "BoundingBox3D Orientation Quat X": -3.2200900279555356e-10,
            "BoundingBox3D Orientation Quat Y": 2.1174177966543084e-09,
            "BoundingBox3D Orientation Quat Z": 0.014773714356124401,
            "BoundingBox3D Origin X": -16.188499450683594,
            "BoundingBox3D Origin Y": -4.334216594696045,
            "BoundingBox3D Origin Z": 0.79026198387146,
            "ObjectId": 0,
            "ObjectType": "CAR",
            "Occluded": 0,
            "Relative Velocity X": -6.37947940826416,
            "Relative Velocity Y": 0.5733475685119629,
            "Relative Velocity Z": 0.015336811542510986,
            "Truncated": 0
        },
        {
            "ActorName": "VAN 03",
            "BoundingBox3D Extent X": 6.025586128234863,
            "BoundingBox3D Extent Y": 2.144935131072998,
            "BoundingBox3D Extent Z": 2.8196897506713867,
            "BoundingBox3D Orientation Quat W": 0.9999985098838806,
            "BoundingBox3D Orientation Quat X": 0,
            "BoundingBox3D Orientation Quat Y": 0,
            "BoundingBox3D Orientation Quat Z": -0.0017238347791135311,
            "BoundingBox3D Origin X": 47.61709213256836,
            "BoundingBox3D Origin Y": -4.234017372131348,
            "BoundingBox3D Origin Z": 1.2658048868179321,
            "ObjectId": 3,
            "ObjectType": "VAN",
            "Occluded": 0,
            "Relative Velocity X": -4.99822998046875,
            "Relative Velocity Y": -0.11162424087524414,
            "Relative Velocity Z": -0.02117776870727539,
            "Truncated": 0
        }
    ],
    "Timestamp": "4833856249000"
}