{
    "CapturedObjects": [
        {
            "ActorName": "CAR 04",
            "BoundingBox3D Extent X": 4.7388153076171875,
            "BoundingBox3D Extent Y": 2.0734503269195557,
            "BoundingBox3D Extent Z": 1.9572222232818604,
            "BoundingBox3D Orientation Quat W": 1,
            "BoundingBox3D Orientation Quat X": 0,
            "BoundingBox3D Orientation Quat Y": 0,
            "BoundingBox3D Orientation Quat Z": 0,
            "BoundingBox3D Origin X": 114.54293823242188,
            "BoundingBox3D Origin Y": -6.12862491607666,
            "BoundingBox3D Origin Z": 0.3666236996650696,
            "ObjectId": 4,
            "ObjectType": "CAR",
            "Occluded": 0,
            "Relative Velocity X": -1.4625701904296875,
            "Relative Velocity Y": -0.6062722206115723,
            "Relative Velocity Z": -0.11519938707351685,
            "Truncated": 0
        },
        {
            "ActorName": "TRUCK 05",
            "BoundingBox3D Extent X": 16.6685791015625,
            "BoundingBox3D Extent Y": 2.8649961948394775,
            "BoundingBox3D Extent Z": 3.925795555114746,
            "BoundingBox3D Orientation Quat W": 0.9999847412109375,
            "BoundingBox3D Orientation Quat X": -2.3121158321259827e-09,
            "BoundingBox3D Orientation Quat Y": 2.4768317530288186e-07,
            "BoundingBox3D Orientation Quat Z": -0.005547977983951569,
            "BoundingBox3D Origin X": -99.53369140625,
            "BoundingBox3D Origin Y": -3.078425407409668,
            "BoundingBox3D Origin Z": 2.0493783950805664,
            "ObjectId": 5,
            "ObjectType": "TRUCK",
            "Occluded": 0,
            "Relative Velocity X": -6.1369476318359375,
            "Relative Velocity Y": -0.07084417343139648,
            "Relative Velocity Z": -0.00785517692565918,
            "Truncated": 0
        },
        {
            "ActorName": "CAR 06",
            "BoundingBox3D Extent X": 5.29120397567749,
            "BoundingBox3D Extent Y": 2.0086662769317627,
            "BoundingBox3D Extent Z": 1.513735055923462,
            "BoundingBox3D Orientation Quat W": 0.9999696016311646,
            "BoundingBox3D Orientation Quat X": -3.8886134312576814e-09,
            "BoundingBox3D Orientation Quat Y": 3.0529296868309075e-09,
            "BoundingBox3D Orientation Quat Z": -0.0078052193857729435,
            "BoundingBox3D Origin X": -70.4129409790039,
            "BoundingBox3D Origin Y": 0.10244603455066681,
            "BoundingBox3D Origin Z": 0.7606877684593201,
            "ObjectId": 6,
            "ObjectType": "CAR",
            "Occluded": 0,
            "Relative Velocity X": -2.0387191772460938,
            "Relative Velocity Y": -0.08569884300231934,
            "Relative Velocity Z": 0,
            "Truncated": 0
        },
        {
            "ActorName": "CAR 07",
            "BoundingBox3D Extent X": 5.167489051818848,
            "BoundingBox3D Extent Y": 2.1132826805114746,
            "BoundingBox3D Extent Z": 1.606276035308838,
            "BoundingBox3D Orientation Quat W": 0.9999985694885254,
            "BoundingBox3D Orientation Quat X": 0,
            "BoundingBox3D Orientation Quat Y": 0,
            "BoundingBox3D Orientation Quat Z": -0.001747680245898664,
            "BoundingBox3D Origin X": -76.32041931152344,
            "BoundingBox3D Origin Y": -5.362941265106201,
            "BoundingBox3D Origin Z": 0.8260172605514526,
            "ObjectId": 7,
            "ObjectType": "CAR",
            "Occluded": 0,
            "Relative Velocity X": -2.2262725830078125,
            "Relative Velocity Y": 0.6216225624084473,
            "Relative Velocity Z": 0,
            "Truncated": 0
        },
        {
            "ActorName": "CAR 02",
            "BoundingBox3D Extent X": 3.9690420627593994,
            "BoundingBox3D Extent Y": 1.7145068645477295,
            "BoundingBox3D Extent Z": 1.554603934288025,
            "BoundingBox3D Orientation Quat W": 0.9996771216392517,
            "BoundingBox3D Orientation Quat X": -2.470286752931372e-10,
            "BoundingBox3D Orientation Quat Y": 1.3434259781008873e-11,
            "BoundingBox3D Orientation Quat Z": 0.025409460067749023,
            "BoundingBox3D Origin X": 67.01094055175781,
            "BoundingBox3D Origin Y": -5.55485725402832,
            "BoundingBox3D Origin Z": 0.5667457580566406,
            "ObjectId": 2,
            "ObjectType": "CAR",
            "Occluded": 0,
            "Relative Velocity X": 3.5442581176757812,
            "Relative Velocity Y": 0.9160618782043457,
            "Relative Velocity Z": -0.017254769802093506,
            "Truncated": 0
        },
        {
            "ActorName": "VAN 01",
            "BoundingBox3D Extent X": 5.291935443878174,
            "BoundingBox3D Extent Y": 2.1456520557403564,
            "BoundingBox3D Extent Z": 2.0940957069396973,
            "BoundingBox3D Orientation Quat W": 0.9999991655349731,
            "BoundingBox3D Orientation Quat X": -2.4029733758368366e-09,
            "BoundingBox3D Orientation Quat Y": -4.0175596183189555e-09,
            "BoundingBox3D Orientation Quat Z": 0.0012678410857915878,
            "BoundingBox3D Origin X": -6.680741786956787,
            "BoundingBox3D Origin Y": -4.025736331939697,
            "BoundingBox3D Origin Z": 1.016469120979309,
            "ObjectId": 1,
            "ObjectType": "VAN",
            "Occluded": 0,
            "Relative Velocity X": -6.363540172576904,
            "Relative Velocity Y": 0.02068614959716797,
            "Relative Velocity Z": -0.01419830322265625,
            "Truncated": 0
        },
        {
            "ActorName": "CAR 00",
            "BoundingBox3D Extent X": 4.348998546600342,
            "BoundingBox3D Extent Y": 1.8762915134429932,
            "BoundingBox3D Extent Z": 1.5220270156860352,
            "BoundingBox3D Orientation Quat W": 0.9999802708625793,
            "BoundingBox3D Orientation Quat X": -1.288187445602773e-09,
            "BoundingBox3D Orientation Quat Y": 8.470666834625717e-09,
            "BoundingBox3D Orientation Quat Z": 0.00629463791847229,
            "BoundingBox3D Origin X": -19.99379539489746,
            "BoundingBox3D Origin Y": -4.094222068786621,
            "BoundingBox3D Origin Z": 0.802977442741394,
            "ObjectId": 0,
            "ObjectType": "CAR",
            "Occluded": 0,
            "Relative Velocity X": -6.427648544311523,
            "Relative Velocity Y": 0.30441761016845703,
            "Relative Velocity Z": 0.03005993366241455,
            "Truncated": 0
        },
        {
            "ActorName": "VAN 03",
            "BoundingBox3D Extent X": 6.0255866050720215,
            "BoundingBox3D Extent Y": 2.144935131072998,
            "BoundingBox3D Extent Z": 2.8196897506713867,
            "BoundingBox3D Orientation Quat W": 0.9999998807907104,
            "BoundingBox3D Orientation Quat X": 0,
            "BoundingBox3D Orientation Quat Y": 0,
            "BoundingBox3D Orientation Quat Z": -0.00047406507655978203,
            "BoundingBox3D Origin X": 44.60443878173828,
            "BoundingBox3D Origin Y": -4.296794891357422,
            "BoundingBox3D Origin Z": 1.261711597442627,
            "ObjectId": 3,
            "ObjectType": "VAN",
            "Occluded": 0,
            "Relative Velocity X": -5.0359649658203125,
            "Relative Velocity Y": -0.13331937789916992,
            "Relative Velocity Z": -0.005230545997619629,
            "Truncated": 0
        }
    ],
    "Timestamp": "4834456232000"
}