{
    "CapturedObjects": [
        {
            "ActorName": "CAR 04",
            "BoundingBox3D Extent X": 4.7388153076171875,
            "BoundingBox3D Extent Y": 2.0734503269195557,
            "BoundingBox3D Extent Z": 1.95722234249115,
            "BoundingBox3D Orientation Quat W": 1,
            "BoundingBox3D Orientation Quat X": 0,
            "BoundingBox3D Orientation Quat Y": 0,
            "BoundingBox3D Orientation Quat Z": 0,
            "BoundingBox3D Origin X": 113.1050033569336,
            "BoundingBox3D Origin Y": -6.678910255432129,
            "BoundingBox3D Origin Z": 0.32655301690101624,
            "ObjectId": 4,
            "ObjectType": "CAR",
            "Occluded": 0,
            "Relative Velocity X": -1.1810455322265625,
            "Relative Velocity Y": -0.4104795455932617,
            "Relative Velocity Z": -2.9802322387695312e-08,
            "Truncated": 0
        },
        {
            "ActorName": "TRUCK 05",
            "BoundingBox3D Extent X": 16.6685791015625,
            "BoundingBox3D Extent Y": 2.8649961948394775,
            "BoundingBox3D Extent Z": 3.925795555114746,
            "BoundingBox3D Orientation Quat W": 0.99997478723526,
            "BoundingBox3D Orientation Quat X": 2.6331290481351743e-09,
            "BoundingBox3D Orientation Quat Y": 5.686295594387047e-07,
            "BoundingBox3D Orientation Quat Z": -0.007128881756216288,
            "BoundingBox3D Origin X": -106.12545776367188,
            "BoundingBox3D Origin Y": -3.3110573291778564,
            "BoundingBox3D Origin Z": 2.1600465774536133,
            "ObjectId": 5,
            "ObjectType": "TRUCK",
            "Occluded": 0,
            "Relative Velocity X": -6.195343017578125,
            "Relative Velocity Y": -0.2719607353210449,
            "Relative Velocity Z": 0.14458227157592773,
            "Truncated": 0
        },
        {
            "ActorName": "CAR 06",
            "BoundingBox3D Extent X": 5.29120397567749,
            "BoundingBox3D Extent Y": 2.0086662769317627,
            "BoundingBox3D Extent Z": 1.513735055923462,
            "BoundingBox3D Orientation Quat W": 0.9999969601631165,
            "BoundingBox3D Orientation Quat X": 6.468140689719348e-09,
            "BoundingBox3D Orientation Quat Y": -3.41529933223228e-08,
            "BoundingBox3D Orientation Quat Z": 0.002484029158949852,
            "BoundingBox3D Origin X": -72.60888671875,
            "BoundingBox3D Origin Y": -0.13806377351284027,
            "BoundingBox3D Origin Z": 0.7606877088546753,
            "ObjectId": 6,
            "ObjectType": "CAR",
            "Occluded": 0,
            "Relative Velocity X": -2.147705078125,
            "Relative Velocity Y": -0.32328128814697266,
            "Relative Velocity Z": -1.1920928955078125e-07,
            "Truncated": 0
        },
        {
            "ActorName": "CAR 07",
            "BoundingBox3D Extent X": 5.167489051818848,
            "BoundingBox3D Extent Y": 2.1132826805114746,
            "BoundingBox3D Extent Z": 1.606276035308838,
            "BoundingBox3D Orientation Quat W": 0.9999985694885254,
            "BoundingBox3D Orientation Quat X": 0,
            "BoundingBox3D Orientation Quat Y": 0,
            "BoundingBox3D Orientation Quat Z": -0.001747680245898664,
            "BoundingBox3D Origin X": -78.48123931884766,
            "BoundingBox3D Origin Y": -4.821459770202637,
            "BoundingBox3D Origin Z": 0.8260172605514526,
            "ObjectId": 7,
            "ObjectType": "CAR",
            "Occluded": 0,
            "Relative Velocity X": -1.8597869873046875,
            "Relative Velocity Y": 0.34092283248901367,
            "Relative Velocity Z": 5.960464477539063e-08,
            "Truncated": 0
        },
        {
            "ActorName": "CAR 02",
            "BoundingBox3D Extent X": 3.9690420627593994,
            "BoundingBox3D Extent Y": 1.7145068645477295,
            "BoundingBox3D Extent Z": 1.554603934288025,
            "BoundingBox3D Orientation Quat W": 0.9999986290931702,
            "BoundingBox3D Orientation Quat X": -3.758240385565159e-09,
            "BoundingBox3D Orientation Quat Y": 6.851513800754105e-10,
            "BoundingBox3D Orientation Quat Z": 0.0015978392912074924,
            "BoundingBox3D Origin X": 70.89020538330078,
            "BoundingBox3D Origin Y": -5.139981269836426,
            "BoundingBox3D Origin Z": 0.5349428057670593,
            "ObjectId": 2,
            "ObjectType": "CAR",
            "Occluded": 0,
            "Relative Velocity X": 3.46160888671875,
            "Relative Velocity Y": 0.127166748046875,
            "Relative Velocity Z": 0.004390299320220947,
            "Truncated": 0
        },
        {
            "ActorName": "VAN 01",
            "BoundingBox3D Extent X": 5.291935920715332,
            "BoundingBox3D Extent Y": 2.1456520557403564,
            "BoundingBox3D Extent Z": 2.0940957069396973,
            "BoundingBox3D Orientation Quat W": 0.9999991655349731,
            "BoundingBox3D Orientation Quat X": -2.4029733758368366e-09,
            "BoundingBox3D Orientation Quat Y": -4.0175596183189555e-09,
            "BoundingBox3D Orientation Quat Z": 0.0012678410857915878,
            "BoundingBox3D Origin X": -13.439658164978027,
            "BoundingBox3D Origin Y": -3.9982991218566895,
            "BoundingBox3D Origin Z": 1.0619696378707886,
            "ObjectId": 1,
            "ObjectType": "VAN",
            "Occluded": 0,
            "Relative Velocity X": -6.350284576416016,
            "Relative Velocity Y": 0.04504728317260742,
            "Relative Velocity Z": 0.04371285438537598,
            "Truncated": 0
        },
        {
            "ActorName": "CAR 00",
            "BoundingBox3D Extent X": 4.348998546600342,
            "BoundingBox3D Extent Y": 1.8762915134429932,
            "BoundingBox3D Extent Z": 1.5220270156860352,
            "BoundingBox3D Orientation Quat W": 0.99998939037323,
            "BoundingBox3D Orientation Quat X": 1.7560634058000346e-09,
            "BoundingBox3D Orientation Quat Y": 1.3737511128653068e-09,
            "BoundingBox3D Orientation Quat Z": 0.004610289353877306,
            "BoundingBox3D Origin X": -27.005762100219727,
            "BoundingBox3D Origin Y": -3.9436752796173096,
            "BoundingBox3D Origin Z": 0.8512009382247925,
            "ObjectId": 0,
            "ObjectType": "CAR",
            "Occluded": 0,
            "Relative Velocity X": -6.5252227783203125,
            "Relative Velocity Y": 0.049320220947265625,
            "Relative Velocity Z": 0.008524775505065918,
            "Truncated": 0
        },
        {
            "ActorName": "VAN 03",
            "BoundingBox3D Extent X": 6.0255866050720215,
            "BoundingBox3D Extent Y": 2.144935131072998,
            "BoundingBox3D Extent Z": 2.8196897506713867,
            "BoundingBox3D Orientation Quat W": 1,
            "BoundingBox3D Orientation Quat X": 0,
            "BoundingBox3D Orientation Quat Y": 0,
            "BoundingBox3D Orientation Quat Z": 8.14199447631836e-05,
            "BoundingBox3D Origin X": 39.1976318359375,
            "BoundingBox3D Origin Y": -4.506770610809326,
            "BoundingBox3D Origin Z": 1.2598921060562134,
            "ObjectId": 3,
            "ObjectType": "VAN",
            "Occluded": 0,
            "Relative Velocity X": -5.051490783691406,
            "Relative Velocity Y": -0.20427656173706055,
            "Relative Velocity Z": 0.027100324630737305,
            "Truncated": 0
        }
    ],
    "Timestamp": "4835522919000"
}