{
    "CapturedObjects": [
        {
            "ActorName": "CAR 04",
            "BoundingBox3D Extent X": 4.7388153076171875,
            "BoundingBox3D Extent Y": 2.0734503269195557,
            "BoundingBox3D Extent Z": 1.95722234249115,
            "BoundingBox3D Orientation Quat W": 1,
            "BoundingBox3D Orientation Quat X": 0,
            "BoundingBox3D Orientation Quat Y": 0,
            "BoundingBox3D Orientation Quat Z": 0,
            "BoundingBox3D Origin X": 114.24006652832031,
            "BoundingBox3D Origin Y": -6.258048057556152,
            "BoundingBox3D Origin Z": 0.33657097816467285,
            "ObjectId": 4,
            "ObjectType": "CAR",
            "Occluded": 0,
            "Relative Velocity X": -1.4182281494140625,
            "Relative Velocity Y": -0.5712823867797852,
            "Relative Velocity Z": -0.08514675498008728,
            "Truncated": 0
        },
        {
            "ActorName": "TRUCK 05",
            "BoundingBox3D Extent X": 16.6685791015625,
            "BoundingBox3D Extent Y": 2.8649961948394775,
            "BoundingBox3D Extent Z": 3.925795555114746,
            "BoundingBox3D Orientation Quat W": 0.9999696016311646,
            "BoundingBox3D Orientation Quat X": 1.4681609261657513e-09,
            "BoundingBox3D Orientation Quat Y": 1.2095492252228723e-07,
            "BoundingBox3D Orientation Quat Z": -0.00782378762960434,
            "BoundingBox3D Origin X": -100.7561264038086,
            "BoundingBox3D Origin Y": -3.0753562450408936,
            "BoundingBox3D Origin Z": 2.034741163253784,
            "ObjectId": 5,
            "ObjectType": "TRUCK",
            "Occluded": 0,
            "Relative Velocity X": -6.153633117675781,
            "Relative Velocity Y": -0.12830781936645508,
            "Relative Velocity Z": 0.03569984436035156,
            "Truncated": 0
        },
        {
            "ActorName": "CAR 06",
            "BoundingBox3D Extent X": 5.29120397567749,
            "BoundingBox3D Extent Y": 2.0086662769317627,
            "BoundingBox3D Extent Z": 1.513735055923462,
            "BoundingBox3D Orientation Quat W": 0.9999426603317261,
            "BoundingBox3D Orientation Quat X": 5.724296037179499e-10,
            "BoundingBox3D Orientation Quat Y": -4.153069554924116e-10,
            "BoundingBox3D Orientation Quat Z": -0.010702603496611118,
            "BoundingBox3D Origin X": -70.81836700439453,
            "BoundingBox3D Origin Y": 0.10166972875595093,
            "BoundingBox3D Origin Z": 0.7606877684593201,
            "ObjectId": 6,
            "ObjectType": "CAR",
            "Occluded": 0,
            "Relative Velocity X": -2.0465011596679688,
            "Relative Velocity Y": -0.14024746417999268,
            "Relative Velocity Z": -5.960464477539063e-08,
            "Truncated": 0
        },
        {
            "ActorName": "CAR 07",
            "BoundingBox3D Extent X": 5.167489051818848,
            "BoundingBox3D Extent Y": 2.1132826805114746,
            "BoundingBox3D Extent Z": 1.606276035308838,
            "BoundingBox3D Orientation Quat W": 0.9999985694885254,
            "BoundingBox3D Orientation Quat X": 0,
            "BoundingBox3D Orientation Quat Y": 0,
            "BoundingBox3D Orientation Quat Z": -0.001747680245898664,
            "BoundingBox3D Origin X": -76.78916931152344,
            "BoundingBox3D Origin Y": -5.225266456604004,
            "BoundingBox3D Origin Z": 0.8260172605514526,
            "ObjectId": 7,
            "ObjectType": "CAR",
            "Occluded": 0,
            "Relative Velocity X": -2.14801025390625,
            "Relative Velocity Y": 0.5771369934082031,
            "Relative Velocity Z": 0,
            "Truncated": 0
        },
        {
            "ActorName": "CAR 02",
            "BoundingBox3D Extent X": 3.9690420627593994,
            "BoundingBox3D Extent Y": 1.7145068645477295,
            "BoundingBox3D Extent Z": 1.554603934288025,
            "BoundingBox3D Orientation Quat W": 0.9996431469917297,
            "BoundingBox3D Orientation Quat X": -6.175905620242617e-11,
            "BoundingBox3D Orientation Quat Y": 3.3586672939373008e-12,
            "BoundingBox3D Orientation Quat Z": 0.0267124455422163,
            "BoundingBox3D Origin X": 67.71146392822266,
            "BoundingBox3D Origin Y": -5.324028015136719,
            "BoundingBox3D Origin Z": 0.5644291043281555,
            "ObjectId": 2,
            "ObjectType": "CAR",
            "Occluded": 0,
            "Relative Velocity X": 3.5800628662109375,
            "Relative Velocity Y": 0.7120089530944824,
            "Relative Velocity Z": -0.02211695909500122,
            "Truncated": 0
        },
        {
            "ActorName": "VAN 01",
            "BoundingBox3D Extent X": 5.291935443878174,
            "BoundingBox3D Extent Y": 2.1456520557403564,
            "BoundingBox3D Extent Z": 2.0940957069396973,
            "BoundingBox3D Orientation Quat W": 0.9999991655349731,
            "BoundingBox3D Orientation Quat X": -2.4029733758368366e-09,
            "BoundingBox3D Orientation Quat Y": -4.0175596183189555e-09,
            "BoundingBox3D Orientation Quat Z": 0.0012678410857915878,
            "BoundingBox3D Origin X": -7.95667839050293,
            "BoundingBox3D Origin Y": -4.022188663482666,
            "BoundingBox3D Origin Z": 1.006973147392273,
            "ObjectId": 1,
            "ObjectType": "VAN",
            "Occluded": 0,
            "Relative Velocity X": -6.352948188781738,
            "Relative Velocity Y": 0.022651195526123047,
            "Relative Velocity Z": 0.00798952579498291,
            "Truncated": 0
        },
        {
            "ActorName": "CAR 00",
            "BoundingBox3D Extent X": 4.348998546600342,
            "BoundingBox3D Extent Y": 1.8762915134429932,
            "BoundingBox3D Extent Z": 1.5220270156860352,
            "BoundingBox3D Orientation Quat W": 0.9999940395355225,
            "BoundingBox3D Orientation Quat X": -1.6102448263666247e-09,
            "BoundingBox3D Orientation Quat Y": 1.0588403043243488e-08,
            "BoundingBox3D Orientation Quat Z": 0.0034680161625146866,
            "BoundingBox3D Origin X": -21.262287139892578,
            "BoundingBox3D Origin Y": -4.014219760894775,
            "BoundingBox3D Origin Z": 0.8072161078453064,
            "ObjectId": 0,
            "ObjectType": "CAR",
            "Occluded": 0,
            "Relative Velocity X": -6.484619140625,
            "Relative Velocity Y": 0.24069595336914062,
            "Relative Velocity Z": 0.035971879959106445,
            "Truncated": 0
        },
        {
            "ActorName": "VAN 03",
            "BoundingBox3D Extent X": 6.0255866050720215,
            "BoundingBox3D Extent Y": 2.144935131072998,
            "BoundingBox3D Extent Z": 2.8196897506713867,
            "BoundingBox3D Orientation Quat W": 1,
            "BoundingBox3D Orientation Quat X": 0,
            "BoundingBox3D Orientation Quat Y": 0,
            "BoundingBox3D Orientation Quat Z": -5.7455472415313125e-05,
            "BoundingBox3D Origin X": 43.60017395019531,
            "BoundingBox3D Origin Y": -4.317721366882324,
            "BoundingBox3D Origin Z": 1.2603468894958496,
            "ObjectId": 3,
            "ObjectType": "VAN",
            "Occluded": 0,
            "Relative Velocity X": -5.048675537109375,
            "Relative Velocity Y": -0.1579122543334961,
            "Relative Velocity Z": -0.0038660764694213867,
            "Truncated": 0
        }
    ],
    "Timestamp": "4834656247000"
}