{
    "CapturedObjects": [
        {
            "ActorName": "CAR 04",
            "BoundingBox3D Extent X": 4.7388153076171875,
            "BoundingBox3D Extent Y": 2.0734505653381348,
            "BoundingBox3D Extent Z": 1.9572224617004395,
            "BoundingBox3D Orientation Quat W": 1,
            "BoundingBox3D Orientation Quat X": 0,
            "BoundingBox3D Orientation Quat Y": 0,
            "BoundingBox3D Orientation Quat Z": 0,
            "BoundingBox3D Origin X": 115.35054016113281,
            "BoundingBox3D Origin Y": -5.7835187911987305,
            "BoundingBox3D Origin Z": 0.44675934314727783,
            "ObjectId": 4,
            "ObjectType": "CAR",
            "Occluded": 0,
            "Relative Velocity X": -1.5010986328125,
            "Relative Velocity Y": -0.5877747535705566,
            "Relative Velocity Z": -0.09190204739570618,
            "Truncated": 0
        },
        {
            "ActorName": "TRUCK 05",
            "BoundingBox3D Extent X": 16.6685791015625,
            "BoundingBox3D Extent Y": 2.8649959564208984,
            "BoundingBox3D Extent Z": 3.925795555114746,
            "BoundingBox3D Orientation Quat W": 0.9999999403953552,
            "BoundingBox3D Orientation Quat X": -1.239212377157628e-08,
            "BoundingBox3D Orientation Quat Y": 5.855962967871164e-07,
            "BoundingBox3D Orientation Quat Z": 0.0005205833003856242,
            "BoundingBox3D Origin X": -96.27406311035156,
            "BoundingBox3D Origin Y": -3.086609363555908,
            "BoundingBox3D Origin Z": 2.0884084701538086,
            "ObjectId": 5,
            "ObjectType": "TRUCK",
            "Occluded": 0,
            "Relative Velocity X": -6.068511962890625,
            "Relative Velocity Y": -0.05273318290710449,
            "Relative Velocity Z": -0.039026737213134766,
            "Truncated": 0
        },
        {
            "ActorName": "CAR 06",
            "BoundingBox3D Extent X": 5.29120397567749,
            "BoundingBox3D Extent Y": 2.0086662769317627,
            "BoundingBox3D Extent Z": 1.513735055923462,
            "BoundingBox3D Orientation Quat W": 1,
            "BoundingBox3D Orientation Quat X": -1.5783735207719474e-08,
            "BoundingBox3D Orientation Quat Y": 1.2300787943786418e-08,
            "BoundingBox3D Orientation Quat Z": -7.908150291768834e-05,
            "BoundingBox3D Origin X": -69.33187866210938,
            "BoundingBox3D Origin Y": 0.10451605170965195,
            "BoundingBox3D Origin Z": 0.7606877684593201,
            "ObjectId": 6,
            "ObjectType": "CAR",
            "Occluded": 0,
            "Relative Velocity X": -1.9884490966796875,
            "Relative Velocity Y": -0.03742048144340515,
            "Relative Velocity Z": 0,
            "Truncated": 0
        },
        {
            "ActorName": "CAR 07",
            "BoundingBox3D Extent X": 5.167489051818848,
            "BoundingBox3D Extent Y": 2.1132826805114746,
            "BoundingBox3D Extent Z": 1.606276035308838,
            "BoundingBox3D Orientation Quat W": 0.9999985694885254,
            "BoundingBox3D Orientation Quat X": 0,
            "BoundingBox3D Orientation Quat Y": 0,
            "BoundingBox3D Orientation Quat Z": -0.001747680245898664,
            "BoundingBox3D Origin X": -75.07049560546875,
            "BoundingBox3D Origin Y": -5.730051517486572,
            "BoundingBox3D Origin Z": 0.8260172605514526,
            "ObjectId": 7,
            "ObjectType": "CAR",
            "Occluded": 0,
            "Relative Velocity X": -2.189056396484375,
            "Relative Velocity Y": 0.6639103889465332,
            "Relative Velocity Z": -0.011076688766479492,
            "Truncated": 0
        },
        {
            "ActorName": "CAR 02",
            "BoundingBox3D Extent X": 3.9690423011779785,
            "BoundingBox3D Extent Y": 1.714506983757019,
            "BoundingBox3D Extent Z": 1.554603934288025,
            "BoundingBox3D Orientation Quat W": 0.9997594356536865,
            "BoundingBox3D Orientation Quat X": -7.410480007408182e-10,
            "BoundingBox3D Orientation Quat Y": 4.0300707215834564e-11,
            "BoundingBox3D Orientation Quat Z": 0.021934838965535164,
            "BoundingBox3D Origin X": 65.14299011230469,
            "BoundingBox3D Origin Y": -6.170365333557129,
            "BoundingBox3D Origin Z": 0.5729231834411621,
            "ObjectId": 2,
            "ObjectType": "CAR",
            "Occluded": 0,
            "Relative Velocity X": 3.502471923828125,
            "Relative Velocity Y": 1.1541013717651367,
            "Relative Velocity Z": -0.01158285140991211,
            "Truncated": 0
        },
        {
            "ActorName": "VAN 01",
            "BoundingBox3D Extent X": 5.291935443878174,
            "BoundingBox3D Extent Y": 2.1456520557403564,
            "BoundingBox3D Extent Z": 2.0940957069396973,
            "BoundingBox3D Orientation Quat W": 0.9999991655349731,
            "BoundingBox3D Orientation Quat X": -2.4029733758368366e-09,
            "BoundingBox3D Orientation Quat Y": -4.0175596183189555e-09,
            "BoundingBox3D Orientation Quat Z": 0.0012678410857915878,
            "BoundingBox3D Origin X": -3.2784528732299805,
            "BoundingBox3D Origin Y": -4.035196304321289,
            "BoundingBox3D Origin Z": 1.0417900085449219,
            "ObjectId": 1,
            "ObjectType": "VAN",
            "Occluded": 0,
            "Relative Velocity X": -6.323101997375488,
            "Relative Velocity Y": 0.029170513153076172,
            "Relative Velocity Z": -0.03133440017700195,
            "Truncated": 0
        },
        {
            "ActorName": "CAR 00",
            "BoundingBox3D Extent X": 4.348998546600342,
            "BoundingBox3D Extent Y": 1.8762915134429932,
            "BoundingBox3D Extent Z": 1.5220270156860352,
            "BoundingBox3D Orientation Quat W": 0.9999043345451355,
            "BoundingBox3D Orientation Quat X": -4.2937711719481797e-10,
            "BoundingBox3D Orientation Quat Y": 2.8234325988307774e-09,
            "BoundingBox3D Orientation Quat Z": 0.013831526041030884,
            "BoundingBox3D Origin X": -16.611358642578125,
            "BoundingBox3D Origin Y": -4.307547569274902,
            "BoundingBox3D Origin Z": 0.7916749715805054,
            "ObjectId": 0,
            "ObjectType": "CAR",
            "Occluded": 0,
            "Relative Velocity X": -6.371196746826172,
            "Relative Velocity Y": 0.5348248481750488,
            "Relative Velocity Z": 0.01663804054260254,
            "Truncated": 0
        },
        {
            "ActorName": "VAN 03",
            "BoundingBox3D Extent X": 6.0255866050720215,
            "BoundingBox3D Extent Y": 2.144935131072998,
            "BoundingBox3D Extent Z": 2.8196897506713867,
            "BoundingBox3D Orientation Quat W": 0.9999988675117493,
            "BoundingBox3D Orientation Quat X": 0,
            "BoundingBox3D Orientation Quat Y": 0,
            "BoundingBox3D Orientation Quat Z": -0.0015849556075409055,
            "BoundingBox3D Origin X": 47.282318115234375,
            "BoundingBox3D Origin Y": -4.240993499755859,
            "BoundingBox3D Origin Z": 1.265350103378296,
            "ObjectId": 3,
            "ObjectType": "VAN",
            "Occluded": 0,
            "Relative Velocity X": -5.002391815185547,
            "Relative Velocity Y": -0.1103525161743164,
            "Relative Velocity Z": -0.018567442893981934,
            "Truncated": 0
        }
    ],
    "Timestamp": "4833922917000"
}