{
    "CapturedObjects": [
        {
            "ActorName": "CAR 04",
            "BoundingBox3D Extent X": 4.7388153076171875,
            "BoundingBox3D Extent Y": 2.0734503269195557,
            "BoundingBox3D Extent Z": 1.95722234249115,
            "BoundingBox3D Orientation Quat W": 1,
            "BoundingBox3D Orientation Quat X": 0,
            "BoundingBox3D Orientation Quat Y": 0,
            "BoundingBox3D Orientation Quat Z": 0,
            "BoundingBox3D Origin X": 114.44197082519531,
            "BoundingBox3D Origin Y": -6.171768665313721,
            "BoundingBox3D Origin Z": 0.35660555958747864,
            "ObjectId": 4,
            "ObjectType": "CAR",
            "Occluded": 0,
            "Relative Velocity X": -1.4477920532226562,
            "Relative Velocity Y": -0.5946078300476074,
            "Relative Velocity Z": -0.10518133640289307,
            "Truncated": 0
        },
        {
            "ActorName": "TRUCK 05",
            "BoundingBox3D Extent X": 16.6685791015625,
            "BoundingBox3D Extent Y": 2.8649961948394775,
            "BoundingBox3D Extent Z": 3.925795555114746,
            "BoundingBox3D Orientation Quat W": 0.9999802112579346,
            "BoundingBox3D Orientation Quat X": -1.0519543014453347e-09,
            "BoundingBox3D Orientation Quat Y": 2.0543816958706884e-07,
            "BoundingBox3D Orientation Quat Z": -0.006306626833975315,
            "BoundingBox3D Origin X": -99.94119262695312,
            "BoundingBox3D Origin Y": -3.077402114868164,
            "BoundingBox3D Origin Z": 2.044498920440674,
            "ObjectId": 5,
            "ObjectType": "TRUCK",
            "Occluded": 0,
            "Relative Velocity X": -6.14251708984375,
            "Relative Velocity Y": -0.08999967575073242,
            "Relative Velocity Z": 0.006663799285888672,
            "Truncated": 0
        },
        {
            "ActorName": "CAR 06",
            "BoundingBox3D Extent X": 5.29120397567749,
            "BoundingBox3D Extent Y": 2.0086662769317627,
            "BoundingBox3D Extent Z": 1.513735055923462,
            "BoundingBox3D Orientation Quat W": 0.9999614953994751,
            "BoundingBox3D Orientation Quat X": -2.4015185395853678e-09,
            "BoundingBox3D Orientation Quat Y": 1.8967882819964643e-09,
            "BoundingBox3D Orientation Quat Z": -0.008771075867116451,
            "BoundingBox3D Origin X": -70.548095703125,
            "BoundingBox3D Origin Y": 0.10218725353479385,
            "BoundingBox3D Origin Z": 0.7606877684593201,
            "ObjectId": 6,
            "ObjectType": "CAR",
            "Occluded": 0,
            "Relative Velocity X": -2.0413055419921875,
            "Relative Velocity Y": -0.10388270765542984,
            "Relative Velocity Z": -1.1920928955078125e-07,
            "Truncated": 0
        },
        {
            "ActorName": "CAR 07",
            "BoundingBox3D Extent X": 5.167489051818848,
            "BoundingBox3D Extent Y": 2.1132826805114746,
            "BoundingBox3D Extent Z": 1.606276035308838,
            "BoundingBox3D Orientation Quat W": 0.9999985694885254,
            "BoundingBox3D Orientation Quat X": 0,
            "BoundingBox3D Orientation Quat Y": 0,
            "BoundingBox3D Orientation Quat Z": -0.001747680245898664,
            "BoundingBox3D Origin X": -76.4766845703125,
            "BoundingBox3D Origin Y": -5.317047119140625,
            "BoundingBox3D Origin Z": 0.8260172605514526,
            "ObjectId": 7,
            "ObjectType": "CAR",
            "Occluded": 0,
            "Relative Velocity X": -2.2001800537109375,
            "Relative Velocity Y": 0.6067934036254883,
            "Relative Velocity Z": 0,
            "Truncated": 0
        },
        {
            "ActorName": "CAR 02",
            "BoundingBox3D Extent X": 3.9690418243408203,
            "BoundingBox3D Extent Y": 1.7145068645477295,
            "BoundingBox3D Extent Z": 1.5546038150787354,
            "BoundingBox3D Orientation Quat W": 0.9996659755706787,
            "BoundingBox3D Orientation Quat X": -1.8526877254565477e-10,
            "BoundingBox3D Orientation Quat Y": 1.0075546300059024e-11,
            "BoundingBox3D Orientation Quat Z": 0.025843817740678787,
            "BoundingBox3D Origin X": 67.24445343017578,
            "BoundingBox3D Origin Y": -5.477910041809082,
            "BoundingBox3D Origin Z": 0.5659735202789307,
            "ObjectId": 2,
            "ObjectType": "CAR",
            "Occluded": 0,
            "Relative Velocity X": 3.556182861328125,
            "Relative Velocity Y": 0.8480415344238281,
            "Relative Velocity Z": -0.018875598907470703,
            "Truncated": 0
        },
        {
            "ActorName": "VAN 01",
            "BoundingBox3D Extent X": 5.291935443878174,
            "BoundingBox3D Extent Y": 2.1456520557403564,
            "BoundingBox3D Extent Z": 2.0940957069396973,
            "BoundingBox3D Orientation Quat W": 0.9999991655349731,
            "BoundingBox3D Orientation Quat X": -2.4029733758368366e-09,
            "BoundingBox3D Orientation Quat Y": -4.0175596183189555e-09,
            "BoundingBox3D Orientation Quat Z": 0.0012678410857915878,
            "BoundingBox3D Origin X": -7.106077194213867,
            "BoundingBox3D Origin Y": -4.0245537757873535,
            "BoundingBox3D Origin Z": 1.0133036375045776,
            "ObjectId": 1,
            "ObjectType": "VAN",
            "Occluded": 0,
            "Relative Velocity X": -6.36000919342041,
            "Relative Velocity Y": 0.021341323852539062,
            "Relative Velocity Z": -0.0068018436431884766,
            "Truncated": 0
        },
        {
            "ActorName": "CAR 00",
            "BoundingBox3D Extent X": 4.348998546600342,
            "BoundingBox3D Extent Y": 1.8762915134429932,
            "BoundingBox3D Extent Z": 1.5220270156860352,
            "BoundingBox3D Orientation Quat W": 0.9999856948852539,
            "BoundingBox3D Orientation Quat X": -1.3955471223070504e-09,
            "BoundingBox3D Orientation Quat Y": 9.176626569740165e-09,
            "BoundingBox3D Orientation Quat Z": 0.005352383479475975,
            "BoundingBox3D Origin X": -20.416648864746094,
            "BoundingBox3D Origin Y": -4.0675530433654785,
            "BoundingBox3D Origin Z": 0.8043903708457947,
            "ObjectId": 0,
            "ObjectType": "CAR",
            "Occluded": 0,
            "Relative Velocity X": -6.4466400146484375,
            "Relative Velocity Y": 0.2831761837005615,
            "Relative Velocity Z": 0.032030701637268066,
            "Truncated": 0
        },
        {
            "ActorName": "VAN 03",
            "BoundingBox3D Extent X": 6.0255866050720215,
            "BoundingBox3D Extent Y": 2.144935131072998,
            "BoundingBox3D Extent Z": 2.8196897506713867,
            "BoundingBox3D Orientation Quat W": 1,
            "BoundingBox3D Orientation Quat X": 0,
            "BoundingBox3D Orientation Quat Y": 0,
            "BoundingBox3D Orientation Quat Z": -0.0003351875639054924,
            "BoundingBox3D Origin X": 44.26966094970703,
            "BoundingBox3D Origin Y": -4.303770542144775,
            "BoundingBox3D Origin Z": 1.2612566947937012,
            "ObjectId": 3,
            "ObjectType": "VAN",
            "Occluded": 0,
            "Relative Velocity X": -5.040203094482422,
            "Relative Velocity Y": -0.14151716232299805,
            "Relative Velocity Z": -0.0047757625579833984,
            "Truncated": 0
        }
    ],
    "Timestamp": "4834522910000"
}