{
    "CapturedObjects": [
        {
            "ActorName": "CAR 04",
            "BoundingBox3D Extent X": 4.7388153076171875,
            "BoundingBox3D Extent Y": 2.0734503269195557,
            "BoundingBox3D Extent Z": 1.95722234249115,
            "BoundingBox3D Orientation Quat W": 1,
            "BoundingBox3D Orientation Quat X": 0,
            "BoundingBox3D Orientation Quat Y": 0,
            "BoundingBox3D Orientation Quat Z": 0,
            "BoundingBox3D Origin X": 113.27735900878906,
            "BoundingBox3D Origin Y": -6.615957260131836,
            "BoundingBox3D Origin Z": 0.32655301690101624,
            "ObjectId": 4,
            "ObjectType": "CAR",
            "Occluded": 0,
            "Relative Velocity X": -1.2306365966796875,
            "Relative Velocity Y": -0.43788814544677734,
            "Relative Velocity Z": -2.9802322387695312e-08,
            "Truncated": 0
        },
        {
            "ActorName": "TRUCK 05",
            "BoundingBox3D Extent X": 16.6685791015625,
            "BoundingBox3D Extent Y": 2.8649961948394775,
            "BoundingBox3D Extent Z": 3.925795555114746,
            "BoundingBox3D Orientation Quat W": 0.9999739527702332,
            "BoundingBox3D Orientation Quat X": 2.453903746868491e-09,
            "BoundingBox3D Orientation Quat Y": 4.997567089048971e-07,
            "BoundingBox3D Orientation Quat Z": -0.007235790137201548,
            "BoundingBox3D Origin X": -105.29940795898438,
            "BoundingBox3D Origin Y": -3.2747957706451416,
            "BoundingBox3D Origin Z": 2.1407690048217773,
            "ObjectId": 5,
            "ObjectType": "TRUCK",
            "Occluded": 0,
            "Relative Velocity X": -6.195343017578125,
            "Relative Velocity Y": -0.2719607353210449,
            "Relative Velocity Z": 0.14458227157592773,
            "Truncated": 0
        },
        {
            "ActorName": "CAR 06",
            "BoundingBox3D Extent X": 5.29120397567749,
            "BoundingBox3D Extent Y": 2.0086662769317627,
            "BoundingBox3D Extent Z": 1.513735055923462,
            "BoundingBox3D Orientation Quat W": 0.9999999403953552,
            "BoundingBox3D Orientation Quat X": 5.561158200606542e-09,
            "BoundingBox3D Orientation Quat Y": -2.896283213260631e-08,
            "BoundingBox3D Orientation Quat Z": 0.00045529185445047915,
            "BoundingBox3D Origin X": -72.33341979980469,
            "BoundingBox3D Origin Y": -0.10118179023265839,
            "BoundingBox3D Origin Z": 0.7606876492500305,
            "ObjectId": 6,
            "ObjectType": "CAR",
            "Occluded": 0,
            "Relative Velocity X": -2.1179733276367188,
            "Relative Velocity Y": -0.3063111901283264,
            "Relative Velocity Z": -1.7881393432617188e-07,
            "Truncated": 0
        },
        {
            "ActorName": "CAR 07",
            "BoundingBox3D Extent X": 5.167489051818848,
            "BoundingBox3D Extent Y": 2.1132826805114746,
            "BoundingBox3D Extent Z": 1.606276035308838,
            "BoundingBox3D Orientation Quat W": 0.9999985694885254,
            "BoundingBox3D Orientation Quat X": 0,
            "BoundingBox3D Orientation Quat Y": 0,
            "BoundingBox3D Orientation Quat Z": -0.001747680245898664,
            "BoundingBox3D Origin X": -78.22091674804688,
            "BoundingBox3D Origin Y": -4.8835835456848145,
            "BoundingBox3D Origin Z": 0.8260172605514526,
            "ObjectId": 7,
            "ObjectType": "CAR",
            "Occluded": 0,
            "Relative Velocity X": -1.8934478759765625,
            "Relative Velocity Y": 0.3863797187805176,
            "Relative Velocity Z": 0,
            "Truncated": 0
        },
        {
            "ActorName": "CAR 02",
            "BoundingBox3D Extent X": 3.9690418243408203,
            "BoundingBox3D Extent Y": 1.7145068645477295,
            "BoundingBox3D Extent Z": 1.5546038150787354,
            "BoundingBox3D Orientation Quat W": 0.9999828338623047,
            "BoundingBox3D Orientation Quat X": -3.1319684623554167e-09,
            "BoundingBox3D Orientation Quat Y": 5.709779871132525e-10,
            "BoundingBox3D Orientation Quat Z": 0.005856536794453859,
            "BoundingBox3D Origin X": 70.39933013916016,
            "BoundingBox3D Origin Y": -5.157831192016602,
            "BoundingBox3D Origin Z": 0.5397285223007202,
            "ObjectId": 2,
            "ObjectType": "CAR",
            "Occluded": 0,
            "Relative Velocity X": 3.559356689453125,
            "Relative Velocity Y": 0.13014888763427734,
            "Relative Velocity Z": -0.01351320743560791,
            "Truncated": 0
        },
        {
            "ActorName": "VAN 01",
            "BoundingBox3D Extent X": 5.291935443878174,
            "BoundingBox3D Extent Y": 2.1456520557403564,
            "BoundingBox3D Extent Z": 2.0940957069396973,
            "BoundingBox3D Orientation Quat W": 0.9999991655349731,
            "BoundingBox3D Orientation Quat X": -2.4029733758368366e-09,
            "BoundingBox3D Orientation Quat Y": -4.0175596183189555e-09,
            "BoundingBox3D Orientation Quat Z": 0.0012678410857915878,
            "BoundingBox3D Origin X": -12.596124649047852,
            "BoundingBox3D Origin Y": -4.001974582672119,
            "BoundingBox3D Origin Z": 1.0535087585449219,
            "ObjectId": 1,
            "ObjectType": "VAN",
            "Occluded": 0,
            "Relative Velocity X": -6.341625213623047,
            "Relative Velocity Y": 0.03869009017944336,
            "Relative Velocity Z": 0.05089259147644043,
            "Truncated": 0
        },
        {
            "ActorName": "CAR 00",
            "BoundingBox3D Extent X": 4.348998546600342,
            "BoundingBox3D Extent Y": 1.8762915134429932,
            "BoundingBox3D Extent Z": 1.5220270156860352,
            "BoundingBox3D Orientation Quat W": 0.9999901652336121,
            "BoundingBox3D Orientation Quat X": 1.2381713432318975e-09,
            "BoundingBox3D Orientation Quat Y": 2.791386899403392e-09,
            "BoundingBox3D Orientation Quat Z": 0.004434556234627962,
            "BoundingBox3D Origin X": -26.122150421142578,
            "BoundingBox3D Origin Y": -3.954528331756592,
            "BoundingBox3D Origin Z": 0.8444340825080872,
            "ObjectId": 0,
            "ObjectType": "CAR",
            "Occluded": 0,
            "Relative Velocity X": -6.562244415283203,
            "Relative Velocity Y": 0.06098461151123047,
            "Relative Velocity Z": 0.023879945278167725,
            "Truncated": 0
        },
        {
            "ActorName": "VAN 03",
            "BoundingBox3D Extent X": 6.02558708190918,
            "BoundingBox3D Extent Y": 2.144935131072998,
            "BoundingBox3D Extent Z": 2.8196897506713867,
            "BoundingBox3D Orientation Quat W": 1,
            "BoundingBox3D Orientation Quat X": 0,
            "BoundingBox3D Orientation Quat Y": 0,
            "BoundingBox3D Orientation Quat Z": 8.14199447631836e-05,
            "BoundingBox3D Origin X": 39.87559509277344,
            "BoundingBox3D Origin Y": -4.476424694061279,
            "BoundingBox3D Origin Z": 1.2598921060562134,
            "ObjectId": 3,
            "ObjectType": "VAN",
            "Occluded": 0,
            "Relative Velocity X": -5.066253662109375,
            "Relative Velocity Y": -0.21463871002197266,
            "Relative Velocity Z": 0.01505577564239502,
            "Truncated": 0
        }
    ],
    "Timestamp": "4835389594000"
}