{
    "CapturedObjects": [
        {
            "ActorName": "CAR 04",
            "BoundingBox3D Extent X": 4.7388153076171875,
            "BoundingBox3D Extent Y": 2.0734503269195557,
            "BoundingBox3D Extent Z": 1.95722234249115,
            "BoundingBox3D Orientation Quat W": 1,
            "BoundingBox3D Orientation Quat X": 0,
            "BoundingBox3D Orientation Quat Y": 0,
            "BoundingBox3D Orientation Quat Z": 0,
            "BoundingBox3D Origin X": 115.04769134521484,
            "BoundingBox3D Origin Y": -5.912932395935059,
            "BoundingBox3D Origin Z": 0.41670873761177063,
            "ObjectId": 4,
            "ObjectType": "CAR",
            "Occluded": 0,
            "Relative Velocity X": -1.5098876953125,
            "Relative Velocity Y": -0.6273155212402344,
            "Relative Velocity Z": -0.130803644657135,
            "Truncated": 0
        },
        {
            "ActorName": "TRUCK 05",
            "BoundingBox3D Extent X": 16.6685791015625,
            "BoundingBox3D Extent Y": 2.8649964332580566,
            "BoundingBox3D Extent Z": 3.925795555114746,
            "BoundingBox3D Orientation Quat W": 0.9999986290931702,
            "BoundingBox3D Orientation Quat X": -8.612186519485476e-09,
            "BoundingBox3D Orientation Quat Y": 4.58881856957305e-07,
            "BoundingBox3D Orientation Quat Z": -0.0017551170894876122,
            "BoundingBox3D Origin X": -97.49641418457031,
            "BoundingBox3D Origin Y": -3.083540439605713,
            "BoundingBox3D Origin Z": 2.073772430419922,
            "ObjectId": 5,
            "ObjectType": "TRUCK",
            "Occluded": 0,
            "Relative Velocity X": -6.1057281494140625,
            "Relative Velocity Y": 0.005610466003417969,
            "Relative Velocity Z": -0.0682985782623291,
            "Truncated": 0
        },
        {
            "ActorName": "CAR 06",
            "BoundingBox3D Extent X": 5.29120397567749,
            "BoundingBox3D Extent Y": 2.0086662769317627,
            "BoundingBox3D Extent Z": 1.513735055923462,
            "BoundingBox3D Orientation Quat W": 0.9999955892562866,
            "BoundingBox3D Orientation Quat X": -1.1323177062649847e-08,
            "BoundingBox3D Orientation Quat Y": 8.832929054847227e-09,
            "BoundingBox3D Orientation Quat Z": -0.0029763823840767145,
            "BoundingBox3D Origin X": -69.73727416992188,
            "BoundingBox3D Origin Y": 0.10373979806900024,
            "BoundingBox3D Origin Z": 0.7606878280639648,
            "ObjectId": 6,
            "ObjectType": "CAR",
            "Occluded": 0,
            "Relative Velocity X": -2.0215225219726562,
            "Relative Velocity Y": -0.008677296340465546,
            "Relative Velocity Z": 0,
            "Truncated": 0
        },
        {
            "ActorName": "CAR 07",
            "BoundingBox3D Extent X": 5.167489051818848,
            "BoundingBox3D Extent Y": 2.1132826805114746,
            "BoundingBox3D Extent Z": 1.606276035308838,
            "BoundingBox3D Orientation Quat W": 0.9999985694885254,
            "BoundingBox3D Orientation Quat X": 0,
            "BoundingBox3D Orientation Quat Y": 0,
            "BoundingBox3D Orientation Quat Z": -0.001747680245898664,
            "BoundingBox3D Origin X": -75.53921508789062,
            "BoundingBox3D Origin Y": -5.592386245727539,
            "BoundingBox3D Origin Z": 0.8260172605514526,
            "ObjectId": 7,
            "ObjectType": "CAR",
            "Occluded": 0,
            "Relative Velocity X": -2.3215484619140625,
            "Relative Velocity Y": 0.684852123260498,
            "Relative Velocity Z": -0.0015839338302612305,
            "Truncated": 0
        },
        {
            "ActorName": "CAR 02",
            "BoundingBox3D Extent X": 3.9690418243408203,
            "BoundingBox3D Extent Y": 1.7145068645477295,
            "BoundingBox3D Extent Z": 1.554603934288025,
            "BoundingBox3D Orientation Quat W": 0.9997299909591675,
            "BoundingBox3D Orientation Quat X": -5.557931337385469e-10,
            "BoundingBox3D Orientation Quat Y": 3.022591898993454e-11,
            "BoundingBox3D Orientation Quat Z": 0.023237844929099083,
            "BoundingBox3D Origin X": 65.84346771240234,
            "BoundingBox3D Origin Y": -5.939551830291748,
            "BoundingBox3D Origin Z": 0.5706066489219666,
            "ObjectId": 2,
            "ObjectType": "CAR",
            "Occluded": 0,
            "Relative Velocity X": 3.5024795532226562,
            "Relative Velocity Y": 1.1541013717651367,
            "Relative Velocity Z": -0.011582911014556885,
            "Truncated": 0
        },
        {
            "ActorName": "VAN 01",
            "BoundingBox3D Extent X": 5.291935920715332,
            "BoundingBox3D Extent Y": 2.1456522941589355,
            "BoundingBox3D Extent Z": 2.0940957069396973,
            "BoundingBox3D Orientation Quat W": 0.9999991655349731,
            "BoundingBox3D Orientation Quat X": -2.4029733758368366e-09,
            "BoundingBox3D Orientation Quat Y": -4.0175596183189555e-09,
            "BoundingBox3D Orientation Quat Z": 0.0012678410857915878,
            "BoundingBox3D Origin X": -4.554300308227539,
            "BoundingBox3D Origin Y": -4.031649112701416,
            "BoundingBox3D Origin Z": 1.032294750213623,
            "ObjectId": 1,
            "ObjectType": "VAN",
            "Occluded": 0,
            "Relative Velocity X": -6.371373653411865,
            "Relative Velocity Y": 0.019372940063476562,
            "Relative Velocity Z": -0.04516935348510742,
            "Truncated": 0
        },
        {
            "ActorName": "CAR 00",
            "BoundingBox3D Extent X": 4.3489990234375,
            "BoundingBox3D Extent Y": 1.8762915134429932,
            "BoundingBox3D Extent Z": 1.5220270156860352,
            "BoundingBox3D Orientation Quat W": 0.9999393820762634,
            "BoundingBox3D Orientation Quat X": -7.514335820246743e-10,
            "BoundingBox3D Orientation Quat Y": 4.94116303428882e-09,
            "BoundingBox3D Orientation Quat Z": 0.011005287989974022,
            "BoundingBox3D Origin X": -17.879762649536133,
            "BoundingBox3D Origin Y": -4.227551460266113,
            "BoundingBox3D Origin Z": 0.7959134578704834,
            "ObjectId": 0,
            "ObjectType": "CAR",
            "Occluded": 0,
            "Relative Velocity X": -6.346348762512207,
            "Relative Velocity Y": 0.41927433013916016,
            "Relative Velocity Z": 0.020541250705718994,
            "Truncated": 0
        },
        {
            "ActorName": "VAN 03",
            "BoundingBox3D Extent X": 6.0255866050720215,
            "BoundingBox3D Extent Y": 2.144935131072998,
            "BoundingBox3D Extent Z": 2.8196897506713867,
            "BoundingBox3D Orientation Quat W": 0.9999993443489075,
            "BoundingBox3D Orientation Quat X": 0,
            "BoundingBox3D Orientation Quat Y": 0,
            "BoundingBox3D Orientation Quat Z": -0.0011683752527460456,
            "BoundingBox3D Origin X": 46.27812194824219,
            "BoundingBox3D Origin Y": -4.261918544769287,
            "BoundingBox3D Origin Z": 1.2639856338500977,
            "ObjectId": 3,
            "ObjectType": "VAN",
            "Occluded": 0,
            "Relative Velocity X": -5.014884948730469,
            "Relative Velocity Y": -0.1065378189086914,
            "Relative Velocity Z": -0.010737895965576172,
            "Truncated": 0
        }
    ],
    "Timestamp": "4834122917000"
}