{
    "CapturedObjects": [
        {
            "ActorName": "CAR 04",
            "BoundingBox3D Extent X": 4.7388153076171875,
            "BoundingBox3D Extent Y": 2.0734503269195557,
            "BoundingBox3D Extent Z": 1.95722234249115,
            "BoundingBox3D Orientation Quat W": 1,
            "BoundingBox3D Orientation Quat X": 0,
            "BoundingBox3D Orientation Quat Y": 0,
            "BoundingBox3D Orientation Quat Z": 0,
            "BoundingBox3D Origin X": 112.93265533447266,
            "BoundingBox3D Origin Y": -6.741862773895264,
            "BoundingBox3D Origin Z": 0.32655301690101624,
            "ObjectId": 4,
            "ObjectType": "CAR",
            "Occluded": 0,
            "Relative Velocity X": -1.1314544677734375,
            "Relative Velocity Y": -0.3830723762512207,
            "Relative Velocity Z": 2.9802322387695312e-08,
            "Truncated": 0
        },
        {
            "ActorName": "TRUCK 05",
            "BoundingBox3D Extent X": 16.6685791015625,
            "BoundingBox3D Extent Y": 2.8649961948394775,
            "BoundingBox3D Extent Z": 3.925795555114746,
            "BoundingBox3D Orientation Quat W": 0.9999755620956421,
            "BoundingBox3D Orientation Quat X": 2.8123519069112035e-09,
            "BoundingBox3D Orientation Quat Y": 6.375013867909729e-07,
            "BoundingBox3D Orientation Quat Z": -0.0070219747722148895,
            "BoundingBox3D Origin X": -106.95149230957031,
            "BoundingBox3D Origin Y": -3.347318410873413,
            "BoundingBox3D Origin Z": 2.179324150085449,
            "ObjectId": 5,
            "ObjectType": "TRUCK",
            "Occluded": 0,
            "Relative Velocity X": -6.195343017578125,
            "Relative Velocity Y": -0.2719607353210449,
            "Relative Velocity Z": 0.14458227157592773,
            "Truncated": 0
        },
        {
            "ActorName": "CAR 06",
            "BoundingBox3D Extent X": 5.29120397567749,
            "BoundingBox3D Extent Y": 2.0086662769317627,
            "BoundingBox3D Extent Z": 1.513735055923462,
            "BoundingBox3D Orientation Quat W": -0.9999898672103882,
            "BoundingBox3D Orientation Quat X": -7.375084098981688e-09,
            "BoundingBox3D Orientation Quat Y": 3.9342939572861724e-08,
            "BoundingBox3D Orientation Quat Z": -0.004512726329267025,
            "BoundingBox3D Origin X": -72.88434600830078,
            "BoundingBox3D Origin Y": -0.17494522035121918,
            "BoundingBox3D Origin Z": 0.7606876492500305,
            "ObjectId": 6,
            "ObjectType": "CAR",
            "Occluded": 0,
            "Relative Velocity X": -2.1774139404296875,
            "Relative Velocity Y": -0.3402511477470398,
            "Relative Velocity Z": -1.1920928955078125e-07,
            "Truncated": 0
        },
        {
            "ActorName": "CAR 07",
            "BoundingBox3D Extent X": 5.167489051818848,
            "BoundingBox3D Extent Y": 2.1132826805114746,
            "BoundingBox3D Extent Z": 1.606276035308838,
            "BoundingBox3D Orientation Quat W": 0.9999985694885254,
            "BoundingBox3D Orientation Quat X": 0,
            "BoundingBox3D Orientation Quat Y": 0,
            "BoundingBox3D Orientation Quat Z": -0.001747680245898664,
            "BoundingBox3D Origin X": -78.7415542602539,
            "BoundingBox3D Origin Y": -4.759336471557617,
            "BoundingBox3D Origin Z": 0.8260172605514526,
            "ObjectId": 7,
            "ObjectType": "CAR",
            "Occluded": 0,
            "Relative Velocity X": -1.8261260986328125,
            "Relative Velocity Y": 0.2954673767089844,
            "Relative Velocity Z": 0,
            "Truncated": 0
        },
        {
            "ActorName": "CAR 02",
            "BoundingBox3D Extent X": 3.9690423011779785,
            "BoundingBox3D Extent Y": 1.7145068645477295,
            "BoundingBox3D Extent Z": 1.554603934288025,
            "BoundingBox3D Orientation Quat W": 0.9999963641166687,
            "BoundingBox3D Orientation Quat X": -4.384434149073968e-09,
            "BoundingBox3D Orientation Quat Y": 7.993105066717021e-10,
            "BoundingBox3D Orientation Quat Z": -0.0026608200278133154,
            "BoundingBox3D Origin X": 71.38106536865234,
            "BoundingBox3D Origin Y": -5.12213134765625,
            "BoundingBox3D Origin Z": 0.5301571488380432,
            "ObjectId": 2,
            "ObjectType": "CAR",
            "Occluded": 0,
            "Relative Velocity X": 3.3638763427734375,
            "Relative Velocity Y": 0.12418460845947266,
            "Relative Velocity Z": 0.022293567657470703,
            "Truncated": 0
        },
        {
            "ActorName": "VAN 01",
            "BoundingBox3D Extent X": 5.291935443878174,
            "BoundingBox3D Extent Y": 2.1456520557403564,
            "BoundingBox3D Extent Z": 2.0940957069396973,
            "BoundingBox3D Orientation Quat W": 0.9999991655349731,
            "BoundingBox3D Orientation Quat X": -2.4029733758368366e-09,
            "BoundingBox3D Orientation Quat Y": -4.0175596183189555e-09,
            "BoundingBox3D Orientation Quat Z": 0.0012678410857915878,
            "BoundingBox3D Origin X": -14.28317928314209,
            "BoundingBox3D Origin Y": -3.994623899459839,
            "BoundingBox3D Origin Z": 1.0704305171966553,
            "ObjectId": 1,
            "ObjectType": "VAN",
            "Occluded": 0,
            "Relative Velocity X": -6.358944892883301,
            "Relative Velocity Y": 0.05140519142150879,
            "Relative Velocity Z": 0.036533236503601074,
            "Truncated": 0
        },
        {
            "ActorName": "CAR 00",
            "BoundingBox3D Extent X": 4.348998546600342,
            "BoundingBox3D Extent Y": 1.8762915134429932,
            "BoundingBox3D Extent Z": 1.5220270156860352,
            "BoundingBox3D Orientation Quat W": 0.9999886751174927,
            "BoundingBox3D Orientation Quat X": 2.273948584985419e-09,
            "BoundingBox3D Orientation Quat Y": -4.3863739029870175e-11,
            "BoundingBox3D Orientation Quat Z": 0.004786021076142788,
            "BoundingBox3D Origin X": -27.88935661315918,
            "BoundingBox3D Origin Y": -3.9328224658966064,
            "BoundingBox3D Origin Z": 0.857967734336853,
            "ObjectId": 0,
            "ObjectType": "CAR",
            "Occluded": 0,
            "Relative Velocity X": -6.488199234008789,
            "Relative Velocity Y": 0.037656545639038086,
            "Relative Velocity Z": -0.0068302154541015625,
            "Truncated": 0
        },
        {
            "ActorName": "VAN 03",
            "BoundingBox3D Extent X": 6.0255866050720215,
            "BoundingBox3D Extent Y": 2.144935131072998,
            "BoundingBox3D Extent Z": 2.8196897506713867,
            "BoundingBox3D Orientation Quat W": 1,
            "BoundingBox3D Orientation Quat X": 0,
            "BoundingBox3D Orientation Quat Y": 0,
            "BoundingBox3D Orientation Quat Z": 8.14199447631836e-05,
            "BoundingBox3D Origin X": 38.519676208496094,
            "BoundingBox3D Origin Y": -4.537116050720215,
            "BoundingBox3D Origin Z": 1.259892225265503,
            "ObjectId": 3,
            "ObjectType": "VAN",
            "Occluded": 0,
            "Relative Velocity X": -5.036731719970703,
            "Relative Velocity Y": -0.19391536712646484,
            "Relative Velocity Z": 0.03914487361907959,
            "Truncated": 0
        }
    ],
    "Timestamp": "4835656283000"
}