{
    "CapturedObjects": [
        {
            "ActorName": "CAR 04",
            "BoundingBox3D Extent X": 4.7388153076171875,
            "BoundingBox3D Extent Y": 2.0734503269195557,
            "BoundingBox3D Extent Z": 1.9572224617004395,
            "BoundingBox3D Orientation Quat W": 1,
            "BoundingBox3D Orientation Quat X": 0,
            "BoundingBox3D Orientation Quat Y": 0,
            "BoundingBox3D Orientation Quat Z": 0,
            "BoundingBox3D Origin X": 116.3394775390625,
            "BoundingBox3D Origin Y": -5.444411277770996,
            "BoundingBox3D Origin Z": 0.45615851879119873,
            "ObjectId": 4,
            "ObjectType": "CAR",
            "Occluded": 0,
            "Relative Velocity X": -1.4717864990234375,
            "Relative Velocity Y": -0.4559764862060547,
            "Relative Velocity Z": 0.037765294313430786,
            "Truncated": 0
        },
        {
            "ActorName": "TRUCK 05",
            "BoundingBox3D Extent X": 16.6685791015625,
            "BoundingBox3D Extent Y": 2.8649961948394775,
            "BoundingBox3D Extent Z": 3.925795555114746,
            "BoundingBox3D Orientation Quat W": 0.9999975562095642,
            "BoundingBox3D Orientation Quat X": -1.0075461354119852e-08,
            "BoundingBox3D Orientation Quat Y": 4.829863087252306e-07,
            "BoundingBox3D Orientation Quat Z": 0.002238260582089424,
            "BoundingBox3D Origin X": -92.27413177490234,
            "BoundingBox3D Origin Y": -2.9801526069641113,
            "BoundingBox3D Origin Z": 2.0786499977111816,
            "ObjectId": 5,
            "ObjectType": "TRUCK",
            "Occluded": 0,
            "Relative Velocity X": -5.944465637207031,
            "Relative Velocity Y": -0.24720335006713867,
            "Relative Velocity Z": 0.05854320526123047,
            "Truncated": 0
        },
        {
            "ActorName": "CAR 06",
            "BoundingBox3D Extent X": 5.29120397567749,
            "BoundingBox3D Extent Y": 2.0086662769317627,
            "BoundingBox3D Extent Z": 1.513735055923462,
            "BoundingBox3D Orientation Quat W": 1.0000001192092896,
            "BoundingBox3D Orientation Quat X": -1.8628245612717365e-08,
            "BoundingBox3D Orientation Quat Y": 1.4323661368109697e-08,
            "BoundingBox3D Orientation Quat Z": -9.868419874692336e-05,
            "BoundingBox3D Origin X": -68.04674530029297,
            "BoundingBox3D Origin Y": 0.16458964347839355,
            "BoundingBox3D Origin Z": 0.7606877684593201,
            "ObjectId": 6,
            "ObjectType": "CAR",
            "Occluded": 0,
            "Relative Velocity X": -1.8782196044921875,
            "Relative Velocity Y": -0.1332276612520218,
            "Relative Velocity Z": 0,
            "Truncated": 0
        },
        {
            "ActorName": "CAR 07",
            "BoundingBox3D Extent X": 5.167489051818848,
            "BoundingBox3D Extent Y": 2.1132826805114746,
            "BoundingBox3D Extent Z": 1.606276035308838,
            "BoundingBox3D Orientation Quat W": 0.9999985694885254,
            "BoundingBox3D Orientation Quat X": 0,
            "BoundingBox3D Orientation Quat Y": 0,
            "BoundingBox3D Orientation Quat Z": -0.001747680245898664,
            "BoundingBox3D Origin X": -73.77314758300781,
            "BoundingBox3D Origin Y": -6.147034645080566,
            "BoundingBox3D Origin Z": 0.8450027704238892,
            "ObjectId": 7,
            "ObjectType": "CAR",
            "Occluded": 0,
            "Relative Velocity X": -1.7474288940429688,
            "Relative Velocity Y": 0.5941057205200195,
            "Relative Velocity Z": -0.04271817207336426,
            "Truncated": 0
        },
        {
            "ActorName": "CAR 02",
            "BoundingBox3D Extent X": 3.9690418243408203,
            "BoundingBox3D Extent Y": 1.7145068645477295,
            "BoundingBox3D Extent Z": 1.554603934288025,
            "BoundingBox3D Orientation Quat W": 0.9998452663421631,
            "BoundingBox3D Orientation Quat X": -1.3585315095099304e-09,
            "BoundingBox3D Orientation Quat Y": 7.388155365273263e-11,
            "BoundingBox3D Orientation Quat Z": 0.017591385170817375,
            "BoundingBox3D Origin X": 62.80815887451172,
            "BoundingBox3D Origin Y": -6.93971586227417,
            "BoundingBox3D Origin Z": 0.5806446075439453,
            "ObjectId": 2,
            "ObjectType": "CAR",
            "Occluded": 0,
            "Relative Velocity X": 3.5024757385253906,
            "Relative Velocity Y": 1.1541008949279785,
            "Relative Velocity Z": -0.01158297061920166,
            "Truncated": 0
        },
        {
            "ActorName": "VAN 01",
            "BoundingBox3D Extent X": 5.291935443878174,
            "BoundingBox3D Extent Y": 2.1456520557403564,
            "BoundingBox3D Extent Z": 2.0940957069396973,
            "BoundingBox3D Orientation Quat W": 0.9999991655349731,
            "BoundingBox3D Orientation Quat X": -2.4029733758368366e-09,
            "BoundingBox3D Orientation Quat Y": -4.0175596183189555e-09,
            "BoundingBox3D Orientation Quat Z": 0.0012678410857915878,
            "BoundingBox3D Origin X": 0.877678632736206,
            "BoundingBox3D Origin Y": -4.066617012023926,
            "BoundingBox3D Origin Z": 1.0457700490951538,
            "ObjectId": 1,
            "ObjectType": "VAN",
            "Occluded": 0,
            "Relative Velocity X": -6.162204742431641,
            "Relative Velocity Y": 0.061829566955566406,
            "Relative Velocity Z": 0.014780163764953613,
            "Truncated": 0
        },
        {
            "ActorName": "CAR 00",
            "BoundingBox3D Extent X": 4.348998546600342,
            "BoundingBox3D Extent Y": 1.8762915134429932,
            "BoundingBox3D Extent Z": 1.5220270156860352,
            "BoundingBox3D Orientation Quat W": 0.9997679591178894,
            "BoundingBox3D Orientation Quat X": 6.418985343259465e-10,
            "BoundingBox3D Orientation Quat Y": -1.1963265045267235e-08,
            "BoundingBox3D Orientation Quat Z": 0.02154104970395565,
            "BoundingBox3D Origin X": -12.333806037902832,
            "BoundingBox3D Origin Y": -4.805294036865234,
            "BoundingBox3D Origin Z": 0.7853538990020752,
            "ObjectId": 0,
            "ObjectType": "CAR",
            "Occluded": 0,
            "Relative Velocity X": -6.454019546508789,
            "Relative Velocity Y": 0.9199814796447754,
            "Relative Velocity Z": 0.0036280155181884766,
            "Truncated": 0
        },
        {
            "ActorName": "VAN 03",
            "BoundingBox3D Extent X": 6.0255866050720215,
            "BoundingBox3D Extent Y": 2.144935131072998,
            "BoundingBox3D Extent Z": 2.8196897506713867,
            "BoundingBox3D Orientation Quat W": 0.999988853931427,
            "BoundingBox3D Orientation Quat X": 0,
            "BoundingBox3D Orientation Quat Y": 0,
            "BoundingBox3D Orientation Quat Z": 0.0047165872529149055,
            "BoundingBox3D Origin X": 50.600372314453125,
            "BoundingBox3D Origin Y": -4.162343978881836,
            "BoundingBox3D Origin Z": 1.2881662845611572,
            "ObjectId": 3,
            "ObjectType": "VAN",
            "Occluded": 0,
            "Relative Velocity X": -4.96075439453125,
            "Relative Velocity Y": -0.12306737899780273,
            "Relative Velocity Z": -0.04466521739959717,
            "Truncated": 0
        }
    ],
    "Timestamp": "4833256266000"
}