{
    "CapturedObjects": [
        {
            "ActorName": "CAR 04",
            "BoundingBox3D Extent X": 4.7388153076171875,
            "BoundingBox3D Extent Y": 2.0734503269195557,
            "BoundingBox3D Extent Z": 1.9572224617004395,
            "BoundingBox3D Orientation Quat W": 1,
            "BoundingBox3D Orientation Quat X": 0,
            "BoundingBox3D Orientation Quat Y": 0,
            "BoundingBox3D Orientation Quat Z": 0,
            "BoundingBox3D Origin X": 112.66234588623047,
            "BoundingBox3D Origin Y": -6.826656341552734,
            "BoundingBox3D Origin Z": 0.32655301690101624,
            "ObjectId": 4,
            "ObjectType": "CAR",
            "Occluded": 0,
            "Relative Velocity X": -1.03228759765625,
            "Relative Velocity Y": -0.32825613021850586,
            "Relative Velocity Z": 0,
            "Truncated": 0
        },
        {
            "ActorName": "CAR 06",
            "BoundingBox3D Extent X": 5.29120397567749,
            "BoundingBox3D Extent Y": 2.008666515350342,
            "BoundingBox3D Extent Z": 1.513735055923462,
            "BoundingBox3D Orientation Quat W": -0.9999898672103882,
            "BoundingBox3D Orientation Quat X": -7.375084098981688e-09,
            "BoundingBox3D Orientation Quat Y": 3.9342939572861724e-08,
            "BoundingBox3D Orientation Quat Z": -0.004512726329267025,
            "BoundingBox3D Origin X": -73.49469757080078,
            "BoundingBox3D Origin Y": -0.2826469838619232,
            "BoundingBox3D Origin Z": 0.7606876492500305,
            "ObjectId": 6,
            "ObjectType": "CAR",
            "Occluded": 0,
            "Relative Velocity X": -2.236846923828125,
            "Relative Velocity Y": -0.3741905391216278,
            "Relative Velocity Z": -1.1920928955078125e-07,
            "Truncated": 0
        },
        {
            "ActorName": "CAR 07",
            "BoundingBox3D Extent X": 5.167489051818848,
            "BoundingBox3D Extent Y": 2.1132826805114746,
            "BoundingBox3D Extent Z": 1.606276035308838,
            "BoundingBox3D Orientation Quat W": 0.9999985694885254,
            "BoundingBox3D Orientation Quat X": 0,
            "BoundingBox3D Orientation Quat Y": 0,
            "BoundingBox3D Orientation Quat Z": -0.001747680245898664,
            "BoundingBox3D Origin X": -79.1948471069336,
            "BoundingBox3D Origin Y": -4.726001739501953,
            "BoundingBox3D Origin Z": 0.8260172605514526,
            "ObjectId": 7,
            "ObjectType": "CAR",
            "Occluded": 0,
            "Relative Velocity X": -1.7587738037109375,
            "Relative Velocity Y": 0.20455694198608398,
            "Relative Velocity Z": 0,
            "Truncated": 0
        },
        {
            "ActorName": "CAR 02",
            "BoundingBox3D Extent X": 3.9690423011779785,
            "BoundingBox3D Extent Y": 1.7145068645477295,
            "BoundingBox3D Extent Z": 1.5546040534973145,
            "BoundingBox3D Orientation Quat W": 0.9999985694885254,
            "BoundingBox3D Orientation Quat X": -4.2320080773095015e-09,
            "BoundingBox3D Orientation Quat Y": 6.80107525852236e-10,
            "BoundingBox3D Orientation Quat Z": -0.0016736219404265285,
            "BoundingBox3D Origin X": 72.2161865234375,
            "BoundingBox3D Origin Y": -5.090904235839844,
            "BoundingBox3D Origin Z": 0.5474405288696289,
            "ObjectId": 2,
            "ObjectType": "CAR",
            "Occluded": 0,
            "Relative Velocity X": 3.1683883666992188,
            "Relative Velocity Y": 0.11822271347045898,
            "Relative Velocity Z": 0.05809986591339111,
            "Truncated": 0
        },
        {
            "ActorName": "VAN 01",
            "BoundingBox3D Extent X": 5.291935920715332,
            "BoundingBox3D Extent Y": 2.1456520557403564,
            "BoundingBox3D Extent Z": 2.0940957069396973,
            "BoundingBox3D Orientation Quat W": 0.9999991655349731,
            "BoundingBox3D Orientation Quat X": -2.4029733758368366e-09,
            "BoundingBox3D Orientation Quat Y": -4.0175596183189555e-09,
            "BoundingBox3D Orientation Quat Z": 0.0012678410857915878,
            "BoundingBox3D Origin X": -15.987527847290039,
            "BoundingBox3D Origin Y": -3.9745588302612305,
            "BoundingBox3D Origin Z": 1.0729930400848389,
            "ObjectId": 1,
            "ObjectType": "VAN",
            "Occluded": 0,
            "Relative Velocity X": -6.376262664794922,
            "Relative Velocity Y": 0.06412005424499512,
            "Relative Velocity Z": 0.02217423915863037,
            "Truncated": 0
        },
        {
            "ActorName": "CAR 00",
            "BoundingBox3D Extent X": 4.348998546600342,
            "BoundingBox3D Extent Y": 1.8762916326522827,
            "BoundingBox3D Extent Z": 1.5220270156860352,
            "BoundingBox3D Orientation Quat W": 0.999966561794281,
            "BoundingBox3D Orientation Quat X": 1.667608717781377e-09,
            "BoundingBox3D Orientation Quat Y": -3.2167636609958805e-11,
            "BoundingBox3D Orientation Quat Z": 0.00820293091237545,
            "BoundingBox3D Origin X": -29.582490921020508,
            "BoundingBox3D Origin Y": -3.9344449043273926,
            "BoundingBox3D Origin Z": 0.8407915830612183,
            "ObjectId": 0,
            "ObjectType": "CAR",
            "Occluded": 0,
            "Relative Velocity X": -6.414150238037109,
            "Relative Velocity Y": 0.014328956604003906,
            "Relative Velocity Z": -0.037539899349212646,
            "Truncated": 0
        },
        {
            "ActorName": "VAN 03",
            "BoundingBox3D Extent X": 6.02558708190918,
            "BoundingBox3D Extent Y": 2.144935131072998,
            "BoundingBox3D Extent Z": 2.8196897506713867,
            "BoundingBox3D Orientation Quat W": 1,
            "BoundingBox3D Orientation Quat X": 0,
            "BoundingBox3D Orientation Quat Y": 0,
            "BoundingBox3D Orientation Quat Z": 8.14199447631836e-05,
            "BoundingBox3D Origin X": 37.1859245300293,
            "BoundingBox3D Origin Y": -4.582262992858887,
            "BoundingBox3D Origin Z": 1.277958631515503,
            "ObjectId": 3,
            "ObjectType": "VAN",
            "Occluded": 0,
            "Relative Velocity X": -5.007209777832031,
            "Relative Velocity Y": -0.17319107055664062,
            "Relative Velocity Z": 0.06323349475860596,
            "Truncated": 0
        }
    ],
    "Timestamp": "4835922917000"
}