{
    "CapturedObjects": [
        {
            "ActorName": "CAR 04",
            "BoundingBox3D Extent X": 4.7388153076171875,
            "BoundingBox3D Extent Y": 2.0734503269195557,
            "BoundingBox3D Extent Z": 1.95722234249115,
            "BoundingBox3D Orientation Quat W": 1,
            "BoundingBox3D Orientation Quat X": 0,
            "BoundingBox3D Orientation Quat Y": 0,
            "BoundingBox3D Orientation Quat Z": 0,
            "BoundingBox3D Origin X": 114.13910675048828,
            "BoundingBox3D Origin Y": -6.3011908531188965,
            "BoundingBox3D Origin Z": 0.32655301690101624,
            "ObjectId": 4,
            "ObjectType": "CAR",
            "Occluded": 0,
            "Relative Velocity X": -1.4034576416015625,
            "Relative Velocity Y": -0.5596189498901367,
            "Relative Velocity Z": -0.07512876391410828,
            "Truncated": 0
        },
        {
            "ActorName": "TRUCK 05",
            "BoundingBox3D Extent X": 16.6685791015625,
            "BoundingBox3D Extent Y": 2.8649961948394775,
            "BoundingBox3D Extent Z": 3.925795555114746,
            "BoundingBox3D Orientation Quat W": 0.999970018863678,
            "BoundingBox3D Orientation Quat X": 1.5577803491595432e-09,
            "BoundingBox3D Orientation Quat Y": 1.5539393416474923e-07,
            "BoundingBox3D Orientation Quat Z": -0.007770329248160124,
            "BoundingBox3D Origin X": -101.16917419433594,
            "BoundingBox3D Origin Y": -3.0934884548187256,
            "BoundingBox3D Origin Z": 2.0443806648254395,
            "ObjectId": 5,
            "ObjectType": "TRUCK",
            "Occluded": 0,
            "Relative Velocity X": -6.1591949462890625,
            "Relative Velocity Y": -0.14746308326721191,
            "Relative Velocity Z": 0.05021834373474121,
            "Truncated": 0
        },
        {
            "ActorName": "CAR 06",
            "BoundingBox3D Extent X": 5.29120397567749,
            "BoundingBox3D Extent Y": 2.0086662769317627,
            "BoundingBox3D Extent Z": 1.513735055923462,
            "BoundingBox3D Orientation Quat W": 0.9999529123306274,
            "BoundingBox3D Orientation Quat X": 1.0259955107727592e-09,
            "BoundingBox3D Orientation Quat Y": -3.0107798476564085e-09,
            "BoundingBox3D Orientation Quat Z": -0.009688209742307663,
            "BoundingBox3D Origin X": -70.95610809326172,
            "BoundingBox3D Origin Y": 0.08322734385728836,
            "BoundingBox3D Origin Z": 0.7606877684593201,
            "ObjectId": 6,
            "ObjectType": "CAR",
            "Occluded": 0,
            "Relative Velocity X": -2.0490951538085938,
            "Relative Velocity Y": -0.1584310680627823,
            "Relative Velocity Z": -5.960464477539063e-08,
            "Truncated": 0
        },
        {
            "ActorName": "CAR 07",
            "BoundingBox3D Extent X": 5.167489051818848,
            "BoundingBox3D Extent Y": 2.1132826805114746,
            "BoundingBox3D Extent Z": 1.606276035308838,
            "BoundingBox3D Orientation Quat W": 0.9999985694885254,
            "BoundingBox3D Orientation Quat X": 0,
            "BoundingBox3D Orientation Quat Y": 0,
            "BoundingBox3D Orientation Quat Z": -0.001747680245898664,
            "BoundingBox3D Origin X": -76.91934204101562,
            "BoundingBox3D Origin Y": -5.194201946258545,
            "BoundingBox3D Origin Z": 0.8260172605514526,
            "ObjectId": 7,
            "ObjectType": "CAR",
            "Occluded": 0,
            "Relative Velocity X": -2.1219253540039062,
            "Relative Velocity Y": 0.5623078346252441,
            "Relative Velocity Z": 0,
            "Truncated": 0
        },
        {
            "ActorName": "CAR 02",
            "BoundingBox3D Extent X": 3.9690420627593994,
            "BoundingBox3D Extent Y": 1.7145068645477295,
            "BoundingBox3D Extent Z": 1.554603934288025,
            "BoundingBox3D Orientation Quat W": 0.9996314644813538,
            "BoundingBox3D Orientation Quat X": 0,
            "BoundingBox3D Orientation Quat Y": 0,
            "BoundingBox3D Orientation Quat Z": 0.027146782726049423,
            "BoundingBox3D Origin X": 67.94497680664062,
            "BoundingBox3D Origin Y": -5.247081756591797,
            "BoundingBox3D Origin Z": 0.5636568665504456,
            "ObjectId": 2,
            "ObjectType": "CAR",
            "Occluded": 0,
            "Relative Velocity X": 3.5919952392578125,
            "Relative Velocity Y": 0.6439881324768066,
            "Relative Velocity Z": -0.023737728595733643,
            "Truncated": 0
        },
        {
            "ActorName": "VAN 01",
            "BoundingBox3D Extent X": 5.291935443878174,
            "BoundingBox3D Extent Y": 2.1456520557403564,
            "BoundingBox3D Extent Z": 2.0940957069396973,
            "BoundingBox3D Orientation Quat W": 0.9999991655349731,
            "BoundingBox3D Orientation Quat X": -2.4029733758368366e-09,
            "BoundingBox3D Orientation Quat Y": -4.0175596183189555e-09,
            "BoundingBox3D Orientation Quat Z": 0.0012678410857915878,
            "BoundingBox3D Origin X": -8.378477096557617,
            "BoundingBox3D Origin Y": -4.020350933074951,
            "BoundingBox3D Origin Z": 1.0112040042877197,
            "ObjectId": 1,
            "ObjectType": "VAN",
            "Occluded": 0,
            "Relative Velocity X": -6.3494181632995605,
            "Relative Velocity Y": 0.023306846618652344,
            "Relative Velocity Z": 0.015385866165161133,
            "Truncated": 0
        },
        {
            "ActorName": "CAR 00",
            "BoundingBox3D Extent X": 4.348998546600342,
            "BoundingBox3D Extent Y": 1.8762915134429932,
            "BoundingBox3D Extent Z": 1.5220270156860352,
            "BoundingBox3D Orientation Quat W": 0.9999937415122986,
            "BoundingBox3D Orientation Quat X": -1.3512791996461715e-09,
            "BoundingBox3D Orientation Quat Y": 9.879531859269264e-09,
            "BoundingBox3D Orientation Quat Z": 0.003555889939889312,
            "BoundingBox3D Origin X": -21.704124450683594,
            "BoundingBox3D Origin Y": -4.008792877197266,
            "BoundingBox3D Origin Z": 0.8105998039245605,
            "ObjectId": 0,
            "ObjectType": "CAR",
            "Occluded": 0,
            "Relative Velocity X": -6.503608703613281,
            "Relative Velocity Y": 0.21945428848266602,
            "Relative Velocity Z": 0.03794264793395996,
            "Truncated": 0
        },
        {
            "ActorName": "VAN 03",
            "BoundingBox3D Extent X": 6.0255866050720215,
            "BoundingBox3D Extent Y": 2.144935131072998,
            "BoundingBox3D Extent Z": 2.8196897506713867,
            "BoundingBox3D Orientation Quat W": 1,
            "BoundingBox3D Orientation Quat X": 0,
            "BoundingBox3D Orientation Quat Y": 0,
            "BoundingBox3D Orientation Quat Z": 8.14199447631836e-05,
            "BoundingBox3D Origin X": 43.265403747558594,
            "BoundingBox3D Origin Y": -4.324697494506836,
            "BoundingBox3D Origin Z": 1.2598921060562134,
            "ObjectId": 3,
            "ObjectType": "VAN",
            "Occluded": 0,
            "Relative Velocity X": -5.05291748046875,
            "Relative Velocity Y": -0.16611003875732422,
            "Relative Velocity Z": -0.0034111738204956055,
            "Truncated": 0
        }
    ],
    "Timestamp": "4834722912000"
}