{
    "CapturedObjects": [
        {
            "ActorName": "CAR 04",
            "BoundingBox3D Extent X": 4.7388153076171875,
            "BoundingBox3D Extent Y": 2.0734505653381348,
            "BoundingBox3D Extent Z": 1.9572224617004395,
            "BoundingBox3D Orientation Quat W": 1,
            "BoundingBox3D Orientation Quat X": 0,
            "BoundingBox3D Orientation Quat Y": 0,
            "BoundingBox3D Orientation Quat Z": 0,
            "BoundingBox3D Origin X": 112.47819519042969,
            "BoundingBox3D Origin Y": -6.879974365234375,
            "BoundingBox3D Origin Z": 0.32655301690101624,
            "ObjectId": 4,
            "ObjectType": "CAR",
            "Occluded": 0,
            "Relative Velocity X": -0.9579010009765625,
            "Relative Velocity Y": -0.2871427536010742,
            "Relative Velocity Z": 0,
            "Truncated": 0
        },
        {
            "ActorName": "CAR 06",
            "BoundingBox3D Extent X": 5.29120397567749,
            "BoundingBox3D Extent Y": 2.0086662769317627,
            "BoundingBox3D Extent Z": 1.513735055923462,
            "BoundingBox3D Orientation Quat W": -0.9999898672103882,
            "BoundingBox3D Orientation Quat X": -7.375084098981688e-09,
            "BoundingBox3D Orientation Quat Y": 3.9342939572861724e-08,
            "BoundingBox3D Orientation Quat Z": -0.004512726329267025,
            "BoundingBox3D Origin X": -73.95248413085938,
            "BoundingBox3D Origin Y": -0.36342674493789673,
            "BoundingBox3D Origin Z": 0.7606875896453857,
            "ObjectId": 6,
            "ObjectType": "CAR",
            "Occluded": 0,
            "Relative Velocity X": -2.28143310546875,
            "Relative Velocity Y": -0.39964622259140015,
            "Relative Velocity Z": -1.7881393432617188e-07,
            "Truncated": 0
        },
        {
            "ActorName": "CAR 07",
            "BoundingBox3D Extent X": 5.167489051818848,
            "BoundingBox3D Extent Y": 2.1132826805114746,
            "BoundingBox3D Extent Z": 1.606276035308838,
            "BoundingBox3D Orientation Quat W": 0.9999985694885254,
            "BoundingBox3D Orientation Quat X": 0,
            "BoundingBox3D Orientation Quat Y": 0,
            "BoundingBox3D Orientation Quat Z": -0.001747680245898664,
            "BoundingBox3D Origin X": -79.53482055664062,
            "BoundingBox3D Origin Y": -4.700999736785889,
            "BoundingBox3D Origin Z": 0.8260172605514526,
            "ObjectId": 7,
            "ObjectType": "CAR",
            "Occluded": 0,
            "Relative Velocity X": -1.7082748413085938,
            "Relative Velocity Y": 0.13637113571166992,
            "Relative Velocity Z": 0,
            "Truncated": 0
        },
        {
            "ActorName": "CAR 02",
            "BoundingBox3D Extent X": 3.9690420627593994,
            "BoundingBox3D Extent Y": 1.7145068645477295,
            "BoundingBox3D Extent Z": 1.5546040534973145,
            "BoundingBox3D Orientation Quat W": 0.9999989867210388,
            "BoundingBox3D Orientation Quat X": -3.766445377806349e-09,
            "BoundingBox3D Orientation Quat Y": 5.038138239932266e-10,
            "BoundingBox3D Orientation Quat Z": 0.001443098415620625,
            "BoundingBox3D Origin X": 72.80589294433594,
            "BoundingBox3D Origin Y": -5.068601131439209,
            "BoundingBox3D Origin Z": 0.5671176910400391,
            "ObjectId": 2,
            "ObjectType": "CAR",
            "Occluded": 0,
            "Relative Velocity X": 3.0217666625976562,
            "Relative Velocity Y": 0.11374998092651367,
            "Relative Velocity Z": 0.08495569229125977,
            "Truncated": 0
        },
        {
            "ActorName": "VAN 01",
            "BoundingBox3D Extent X": 5.291935443878174,
            "BoundingBox3D Extent Y": 2.1456520557403564,
            "BoundingBox3D Extent Z": 2.0940957069396973,
            "BoundingBox3D Orientation Quat W": 0.9999991655349731,
            "BoundingBox3D Orientation Quat X": -2.4029733758368366e-09,
            "BoundingBox3D Orientation Quat Y": -4.0175596183189555e-09,
            "BoundingBox3D Orientation Quat Z": 0.0012678410857915878,
            "BoundingBox3D Origin X": -17.26584243774414,
            "BoundingBox3D Origin Y": -3.9595091342926025,
            "BoundingBox3D Origin Z": 1.0749149322509766,
            "ObjectId": 1,
            "ObjectType": "VAN",
            "Occluded": 0,
            "Relative Velocity X": -6.389254570007324,
            "Relative Velocity Y": 0.07365655899047852,
            "Relative Velocity Z": 0.011404275894165039,
            "Truncated": 0
        },
        {
            "ActorName": "CAR 00",
            "BoundingBox3D Extent X": 4.348998546600342,
            "BoundingBox3D Extent Y": 1.8762915134429932,
            "BoundingBox3D Extent Z": 1.5220270156860352,
            "BoundingBox3D Orientation Quat W": 0.9999421834945679,
            "BoundingBox3D Orientation Quat X": 1.212821065799119e-09,
            "BoundingBox3D Orientation Quat Y": -2.3394928355680022e-11,
            "BoundingBox3D Orientation Quat Z": 0.010765661485493183,
            "BoundingBox3D Origin X": -30.852394104003906,
            "BoundingBox3D Origin Y": -3.935661554336548,
            "BoundingBox3D Origin Z": 0.8279088735580444,
            "ObjectId": 0,
            "ObjectType": "CAR",
            "Occluded": 0,
            "Relative Velocity X": -6.358613967895508,
            "Relative Velocity Y": -0.0031676292419433594,
            "Relative Velocity Z": -0.06057316064834595,
            "Truncated": 0
        },
        {
            "ActorName": "VAN 03",
            "BoundingBox3D Extent X": 6.02558708190918,
            "BoundingBox3D Extent Y": 2.144935131072998,
            "BoundingBox3D Extent Z": 2.8196897506713867,
            "BoundingBox3D Orientation Quat W": 1,
            "BoundingBox3D Orientation Quat X": 0,
            "BoundingBox3D Orientation Quat Y": 0,
            "BoundingBox3D Orientation Quat Z": 8.14199447631836e-05,
            "BoundingBox3D Origin X": 36.19110107421875,
            "BoundingBox3D Origin Y": -4.612238883972168,
            "BoundingBox3D Origin Z": 1.2960258722305298,
            "ObjectId": 3,
            "ObjectType": "VAN",
            "Occluded": 0,
            "Relative Velocity X": -4.985065460205078,
            "Relative Velocity Y": -0.15764808654785156,
            "Relative Velocity Z": 0.08130085468292236,
            "Truncated": 0
        }
    ],
    "Timestamp": "4836122915000"
}