{
    "CapturedObjects": [
        {
            "ActorName": "CAR 04",
            "BoundingBox3D Extent X": 4.7388153076171875,
            "BoundingBox3D Extent Y": 2.0734503269195557,
            "BoundingBox3D Extent Z": 1.9572224617004395,
            "BoundingBox3D Orientation Quat W": 1,
            "BoundingBox3D Orientation Quat X": 0,
            "BoundingBox3D Orientation Quat Y": 0,
            "BoundingBox3D Orientation Quat Z": 0,
            "BoundingBox3D Origin X": 114.34101867675781,
            "BoundingBox3D Origin Y": -6.21491003036499,
            "BoundingBox3D Origin Z": 0.3465878963470459,
            "ObjectId": 4,
            "ObjectType": "CAR",
            "Occluded": 0,
            "Relative Velocity X": -1.433013916015625,
            "Relative Velocity Y": -0.5829453468322754,
            "Relative Velocity Z": -0.09516361355781555,
            "Truncated": 0
        },
        {
            "ActorName": "TRUCK 05",
            "BoundingBox3D Extent X": 16.6685791015625,
            "BoundingBox3D Extent Y": 2.8649961948394775,
            "BoundingBox3D Extent Z": 3.925795555114746,
            "BoundingBox3D Orientation Quat W": 0.9999752640724182,
            "BoundingBox3D Orientation Quat X": 2.0815087153902567e-10,
            "BoundingBox3D Orientation Quat Y": 1.631950112823688e-07,
            "BoundingBox3D Orientation Quat Z": -0.00706523796543479,
            "BoundingBox3D Origin X": -100.34867858886719,
            "BoundingBox3D Origin Y": -3.0763790607452393,
            "BoundingBox3D Origin Z": 2.0396199226379395,
            "ObjectId": 5,
            "ObjectType": "TRUCK",
            "Occluded": 0,
            "Relative Velocity X": -6.1480712890625,
            "Relative Velocity Y": -0.10915493965148926,
            "Relative Velocity Z": 0.021182537078857422,
            "Truncated": 0
        },
        {
            "ActorName": "CAR 06",
            "BoundingBox3D Extent X": 5.291203498840332,
            "BoundingBox3D Extent Y": 2.0086662769317627,
            "BoundingBox3D Extent Z": 1.513735055923462,
            "BoundingBox3D Orientation Quat W": 0.9999525547027588,
            "BoundingBox3D Orientation Quat X": -9.14488929026902e-10,
            "BoundingBox3D Orientation Quat Y": 7.406975588430953e-10,
            "BoundingBox3D Orientation Quat Z": -0.009736881591379642,
            "BoundingBox3D Origin X": -70.68323516845703,
            "BoundingBox3D Origin Y": 0.1019284799695015,
            "BoundingBox3D Origin Z": 0.7606877684593201,
            "ObjectId": 6,
            "ObjectType": "CAR",
            "Occluded": 0,
            "Relative Velocity X": -2.0439071655273438,
            "Relative Velocity Y": -0.12206576764583588,
            "Relative Velocity Z": 0,
            "Truncated": 0
        },
        {
            "ActorName": "CAR 07",
            "BoundingBox3D Extent X": 5.167489051818848,
            "BoundingBox3D Extent Y": 2.1132826805114746,
            "BoundingBox3D Extent Z": 1.606276035308838,
            "BoundingBox3D Orientation Quat W": 0.9999985694885254,
            "BoundingBox3D Orientation Quat X": 0,
            "BoundingBox3D Orientation Quat Y": 0,
            "BoundingBox3D Orientation Quat Z": -0.001747680245898664,
            "BoundingBox3D Origin X": -76.63292694091797,
            "BoundingBox3D Origin Y": -5.271154880523682,
            "BoundingBox3D Origin Z": 0.8260172605514526,
            "ObjectId": 7,
            "ObjectType": "CAR",
            "Occluded": 0,
            "Relative Velocity X": -2.174102783203125,
            "Relative Velocity Y": 0.5919637680053711,
            "Relative Velocity Z": 0,
            "Truncated": 0
        },
        {
            "ActorName": "CAR 02",
            "BoundingBox3D Extent X": 3.9690418243408203,
            "BoundingBox3D Extent Y": 1.7145068645477295,
            "BoundingBox3D Extent Z": 1.554603934288025,
            "BoundingBox3D Orientation Quat W": 0.9996547698974609,
            "BoundingBox3D Orientation Quat X": -1.2351163147794608e-10,
            "BoundingBox3D Orientation Quat Y": 6.716982439008978e-12,
            "BoundingBox3D Orientation Quat Z": 0.02627815119922161,
            "BoundingBox3D Origin X": 67.47796630859375,
            "BoundingBox3D Origin Y": -5.400966167449951,
            "BoundingBox3D Origin Z": 0.5652012825012207,
            "ObjectId": 2,
            "ObjectType": "CAR",
            "Occluded": 0,
            "Relative Velocity X": 3.5681304931640625,
            "Relative Velocity Y": 0.780022144317627,
            "Relative Velocity Z": -0.02049630880355835,
            "Truncated": 0
        },
        {
            "ActorName": "VAN 01",
            "BoundingBox3D Extent X": 5.291935443878174,
            "BoundingBox3D Extent Y": 2.1456520557403564,
            "BoundingBox3D Extent Z": 2.0940957069396973,
            "BoundingBox3D Orientation Quat W": 0.9999991655349731,
            "BoundingBox3D Orientation Quat X": -2.4029733758368366e-09,
            "BoundingBox3D Orientation Quat Y": -4.0175596183189555e-09,
            "BoundingBox3D Orientation Quat Z": 0.0012678410857915878,
            "BoundingBox3D Origin X": -7.531394004821777,
            "BoundingBox3D Origin Y": -4.02337121963501,
            "BoundingBox3D Origin Z": 1.0101382732391357,
            "ObjectId": 1,
            "ObjectType": "VAN",
            "Occluded": 0,
            "Relative Velocity X": -6.356479167938232,
            "Relative Velocity Y": 0.021996021270751953,
            "Relative Velocity Z": 0.0005941390991210938,
            "Truncated": 0
        },
        {
            "ActorName": "CAR 00",
            "BoundingBox3D Extent X": 4.348998546600342,
            "BoundingBox3D Extent Y": 1.8762915134429932,
            "BoundingBox3D Extent Z": 1.5220270156860352,
            "BoundingBox3D Orientation Quat W": 0.9999904036521912,
            "BoundingBox3D Orientation Quat X": -1.5029006927846922e-09,
            "BoundingBox3D Orientation Quat Y": 9.882545448647306e-09,
            "BoundingBox3D Orientation Quat Z": 0.004410166293382645,
            "BoundingBox3D Origin X": -20.83948516845703,
            "BoundingBox3D Origin Y": -4.0408854484558105,
            "BoundingBox3D Origin Z": 0.8058032989501953,
            "ObjectId": 0,
            "ObjectType": "CAR",
            "Occluded": 0,
            "Relative Velocity X": -6.465631484985352,
            "Relative Velocity Y": 0.261934757232666,
            "Relative Velocity Z": 0.03400146961212158,
            "Truncated": 0
        },
        {
            "ActorName": "VAN 03",
            "BoundingBox3D Extent X": 6.0255866050720215,
            "BoundingBox3D Extent Y": 2.144935131072998,
            "BoundingBox3D Extent Z": 2.8196897506713867,
            "BoundingBox3D Orientation Quat W": 1,
            "BoundingBox3D Orientation Quat X": 0,
            "BoundingBox3D Orientation Quat Y": 0,
            "BoundingBox3D Orientation Quat Z": -0.00019631636678241193,
            "BoundingBox3D Origin X": 43.934906005859375,
            "BoundingBox3D Origin Y": -4.310746192932129,
            "BoundingBox3D Origin Z": 1.2608017921447754,
            "ObjectId": 3,
            "ObjectType": "VAN",
            "Occluded": 0,
            "Relative Velocity X": -5.044441223144531,
            "Relative Velocity Y": -0.14971542358398438,
            "Relative Velocity Z": -0.004320740699768066,
            "Truncated": 0
        }
    ],
    "Timestamp": "4834589578000"
}