{
    "CapturedObjects": [
        {
            "ActorName": "CAR 04",
            "BoundingBox3D Extent X": 4.7388153076171875,
            "BoundingBox3D Extent Y": 2.0734500885009766,
            "BoundingBox3D Extent Z": 1.9572222232818604,
            "BoundingBox3D Orientation Quat W": 1,
            "BoundingBox3D Orientation Quat X": 0,
            "BoundingBox3D Orientation Quat Y": 0,
            "BoundingBox3D Orientation Quat Z": 0,
            "BoundingBox3D Origin X": 112.6009521484375,
            "BoundingBox3D Origin Y": -6.844428539276123,
            "BoundingBox3D Origin Z": 0.32655301690101624,
            "ObjectId": 4,
            "ObjectType": "CAR",
            "Occluded": 0,
            "Relative Velocity X": -1.0074844360351562,
            "Relative Velocity Y": -0.31455183029174805,
            "Relative Velocity Z": -2.9802322387695312e-08,
            "Truncated": 0
        },
        {
            "ActorName": "CAR 06",
            "BoundingBox3D Extent X": 5.29120397567749,
            "BoundingBox3D Extent Y": 2.0086662769317627,
            "BoundingBox3D Extent Z": 1.513735055923462,
            "BoundingBox3D Orientation Quat W": -0.9999898672103882,
            "BoundingBox3D Orientation Quat X": -7.375084098981688e-09,
            "BoundingBox3D Orientation Quat Y": 3.9342939572861724e-08,
            "BoundingBox3D Orientation Quat Z": -0.004512726329267025,
            "BoundingBox3D Origin X": -73.64729309082031,
            "BoundingBox3D Origin Y": -0.30957382917404175,
            "BoundingBox3D Origin Z": 0.7606875896453857,
            "ObjectId": 6,
            "ObjectType": "CAR",
            "Occluded": 0,
            "Relative Velocity X": -2.251708984375,
            "Relative Velocity Y": -0.3826758861541748,
            "Relative Velocity Z": -2.384185791015625e-07,
            "Truncated": 0
        },
        {
            "ActorName": "CAR 07",
            "BoundingBox3D Extent X": 5.167489051818848,
            "BoundingBox3D Extent Y": 2.1132826805114746,
            "BoundingBox3D Extent Z": 1.606276035308838,
            "BoundingBox3D Orientation Quat W": 0.9999985694885254,
            "BoundingBox3D Orientation Quat X": 0,
            "BoundingBox3D Orientation Quat Y": 0,
            "BoundingBox3D Orientation Quat Z": -0.001747680245898664,
            "BoundingBox3D Origin X": -79.30816650390625,
            "BoundingBox3D Origin Y": -4.717667579650879,
            "BoundingBox3D Origin Z": 0.8260172605514526,
            "ObjectId": 7,
            "ObjectType": "CAR",
            "Occluded": 0,
            "Relative Velocity X": -1.741943359375,
            "Relative Velocity Y": 0.18182849884033203,
            "Relative Velocity Z": 0,
            "Truncated": 0
        },
        {
            "ActorName": "CAR 02",
            "BoundingBox3D Extent X": 3.9690418243408203,
            "BoundingBox3D Extent Y": 1.7145068645477295,
            "BoundingBox3D Extent Z": 1.5546038150787354,
            "BoundingBox3D Orientation Quat W": 0.9999997615814209,
            "BoundingBox3D Orientation Quat X": -4.076823323373446e-09,
            "BoundingBox3D Orientation Quat Y": 6.213430325807678e-10,
            "BoundingBox3D Orientation Quat Z": -0.0006347047747112811,
            "BoundingBox3D Origin X": 72.41275024414062,
            "BoundingBox3D Origin Y": -5.083469390869141,
            "BoundingBox3D Origin Z": 0.5539996027946472,
            "ObjectId": 2,
            "ObjectType": "CAR",
            "Occluded": 0,
            "Relative Velocity X": 3.1195220947265625,
            "Relative Velocity Y": 0.11673164367675781,
            "Relative Velocity Z": 0.0670519471168518,
            "Truncated": 0
        },
        {
            "ActorName": "VAN 01",
            "BoundingBox3D Extent X": 5.291935443878174,
            "BoundingBox3D Extent Y": 2.1456520557403564,
            "BoundingBox3D Extent Z": 2.0940957069396973,
            "BoundingBox3D Orientation Quat W": 0.9999991655349731,
            "BoundingBox3D Orientation Quat X": -2.4029733758368366e-09,
            "BoundingBox3D Orientation Quat Y": -4.0175596183189555e-09,
            "BoundingBox3D Orientation Quat Z": 0.0012678410857915878,
            "BoundingBox3D Origin X": -16.413637161254883,
            "BoundingBox3D Origin Y": -3.9695420265197754,
            "BoundingBox3D Origin Z": 1.0736336708068848,
            "ObjectId": 1,
            "ObjectType": "VAN",
            "Occluded": 0,
            "Relative Velocity X": -6.380593299865723,
            "Relative Velocity Y": 0.06729888916015625,
            "Relative Velocity Z": 0.018584251403808594,
            "Truncated": 0
        },
        {
            "ActorName": "CAR 00",
            "BoundingBox3D Extent X": 4.348998546600342,
            "BoundingBox3D Extent Y": 1.8762915134429932,
            "BoundingBox3D Extent Z": 1.5220270156860352,
            "BoundingBox3D Orientation Quat W": 0.9999590516090393,
            "BoundingBox3D Orientation Quat X": 1.5160123156832128e-09,
            "BoundingBox3D Orientation Quat Y": -2.924339242982299e-11,
            "BoundingBox3D Orientation Quat Z": 0.009057190269231796,
            "BoundingBox3D Origin X": -30.005794525146484,
            "BoundingBox3D Origin Y": -3.9348502159118652,
            "BoundingBox3D Origin Z": 0.8364972472190857,
            "ObjectId": 0,
            "ObjectType": "CAR",
            "Occluded": 0,
            "Relative Velocity X": -6.395637512207031,
            "Relative Velocity Y": 0.008496522903442383,
            "Relative Velocity Z": -0.04521775245666504,
            "Truncated": 0
        },
        {
            "ActorName": "VAN 03",
            "BoundingBox3D Extent X": 6.025586128234863,
            "BoundingBox3D Extent Y": 2.144935131072998,
            "BoundingBox3D Extent Z": 2.8196897506713867,
            "BoundingBox3D Orientation Quat W": 1,
            "BoundingBox3D Orientation Quat X": 0,
            "BoundingBox3D Orientation Quat Y": 0,
            "BoundingBox3D Orientation Quat Z": 8.14199447631836e-05,
            "BoundingBox3D Origin X": 36.85430908203125,
            "BoundingBox3D Origin Y": -4.592255115509033,
            "BoundingBox3D Origin Z": 1.2839809656143188,
            "ObjectId": 3,
            "ObjectType": "VAN",
            "Occluded": 0,
            "Relative Velocity X": -4.999828338623047,
            "Relative Velocity Y": -0.16801023483276367,
            "Relative Velocity Z": 0.06925606727600098,
            "Truncated": 0
        }
    ],
    "Timestamp": "4835989588000"
}