{
    "CapturedObjects": [
        {
            "ActorName": "CAR 04",
            "BoundingBox3D Extent X": 4.7388153076171875,
            "BoundingBox3D Extent Y": 2.0734503269195557,
            "BoundingBox3D Extent Z": 1.95722234249115,
            "BoundingBox3D Orientation Quat W": 1,
            "BoundingBox3D Orientation Quat X": 0,
            "BoundingBox3D Orientation Quat Y": 0,
            "BoundingBox3D Orientation Quat Z": 0,
            "BoundingBox3D Origin X": 115.8493881225586,
            "BoundingBox3D Origin Y": -5.594200134277344,
            "BoundingBox3D Origin Z": 0.47091013193130493,
            "ObjectId": 4,
            "ObjectType": "CAR",
            "Occluded": 0,
            "Relative Velocity X": -1.4864349365234375,
            "Relative Velocity Y": -0.5218777656555176,
            "Relative Velocity Z": -0.027070552110671997,
            "Truncated": 0
        },
        {
            "ActorName": "TRUCK 05",
            "BoundingBox3D Extent X": 16.6685791015625,
            "BoundingBox3D Extent Y": 2.8649961948394775,
            "BoundingBox3D Extent Z": 3.925795555114746,
            "BoundingBox3D Orientation Quat W": 0.9999945759773254,
            "BoundingBox3D Orientation Quat X": -1.620551159930983e-08,
            "BoundingBox3D Orientation Quat Y": 7.092730243130063e-07,
            "BoundingBox3D Orientation Quat Z": 0.003335200948640704,
            "BoundingBox3D Origin X": -94.24935913085938,
            "BoundingBox3D Origin Y": -3.0722763538360596,
            "BoundingBox3D Origin Z": 2.1030430793762207,
            "ObjectId": 5,
            "ObjectType": "TRUCK",
            "Occluded": 0,
            "Relative Velocity X": -6.006492614746094,
            "Relative Velocity Y": -0.1499645709991455,
            "Relative Velocity Z": 0.00975656509399414,
            "Truncated": 0
        },
        {
            "ActorName": "CAR 06",
            "BoundingBox3D Extent X": 5.29120397567749,
            "BoundingBox3D Extent Y": 2.0086662769317627,
            "BoundingBox3D Extent Z": 1.513735055923462,
            "BoundingBox3D Orientation Quat W": 0.9999951720237732,
            "BoundingBox3D Orientation Quat X": -2.1213425682731213e-08,
            "BoundingBox3D Orientation Quat Y": 1.6490668386381913e-08,
            "BoundingBox3D Orientation Quat Z": 0.003136606654152274,
            "BoundingBox3D Origin X": -68.66728973388672,
            "BoundingBox3D Origin Y": 0.11539067327976227,
            "BoundingBox3D Origin Z": 0.7606877684593201,
            "ObjectId": 6,
            "ObjectType": "CAR",
            "Occluded": 0,
            "Relative Velocity X": -1.9333343505859375,
            "Relative Velocity Y": -0.08532243967056274,
            "Relative Velocity Z": -5.960464477539063e-08,
            "Truncated": 0
        },
        {
            "ActorName": "CAR 07",
            "BoundingBox3D Extent X": 5.167489051818848,
            "BoundingBox3D Extent Y": 2.1132826805114746,
            "BoundingBox3D Extent Z": 1.606276035308838,
            "BoundingBox3D Orientation Quat W": 0.9999985694885254,
            "BoundingBox3D Orientation Quat X": 0,
            "BoundingBox3D Orientation Quat Y": 0,
            "BoundingBox3D Orientation Quat Z": -0.001747680245898664,
            "BoundingBox3D Origin X": -74.3335189819336,
            "BoundingBox3D Origin Y": -5.952496528625488,
            "BoundingBox3D Origin Z": 0.8291814923286438,
            "ObjectId": 7,
            "ObjectType": "CAR",
            "Occluded": 0,
            "Relative Velocity X": -1.9682464599609375,
            "Relative Velocity Y": 0.6290092468261719,
            "Relative Velocity Z": -0.02689683437347412,
            "Truncated": 0
        },
        {
            "ActorName": "CAR 02",
            "BoundingBox3D Extent X": 3.9690420627593994,
            "BoundingBox3D Extent Y": 1.7145068645477295,
            "BoundingBox3D Extent Z": 1.554603934288025,
            "BoundingBox3D Orientation Quat W": 0.9998046159744263,
            "BoundingBox3D Orientation Quat X": -1.0497814839638409e-09,
            "BoundingBox3D Orientation Quat Y": 5.70906828756268e-11,
            "BoundingBox3D Orientation Quat Z": 0.01976323314011097,
            "BoundingBox3D Origin X": 63.975616455078125,
            "BoundingBox3D Origin Y": -6.555027008056641,
            "BoundingBox3D Origin Z": 0.5767837762832642,
            "ObjectId": 2,
            "ObjectType": "CAR",
            "Occluded": 0,
            "Relative Velocity X": 3.5024757385253906,
            "Relative Velocity Y": 1.1541004180908203,
            "Relative Velocity Z": -0.011582911014556885,
            "Truncated": 0
        },
        {
            "ActorName": "VAN 01",
            "BoundingBox3D Extent X": 5.291935443878174,
            "BoundingBox3D Extent Y": 2.1456520557403564,
            "BoundingBox3D Extent Z": 2.0940957069396973,
            "BoundingBox3D Orientation Quat W": 0.9999991655349731,
            "BoundingBox3D Orientation Quat X": -2.4029733758368366e-09,
            "BoundingBox3D Orientation Quat Y": -4.0175596183189555e-09,
            "BoundingBox3D Orientation Quat Z": 0.0012678410857915878,
            "BoundingBox3D Origin X": -1.1682796478271484,
            "BoundingBox3D Origin Y": -4.044374465942383,
            "BoundingBox3D Origin Z": 1.0530028343200684,
            "ObjectId": 1,
            "ObjectType": "VAN",
            "Occluded": 0,
            "Relative Velocity X": -6.242656230926514,
            "Relative Velocity Y": 0.04549980163574219,
            "Relative Velocity Z": -0.0082780122756958,
            "Truncated": 0
        },
        {
            "ActorName": "CAR 00",
            "BoundingBox3D Extent X": 4.348998546600342,
            "BoundingBox3D Extent Y": 1.8762915134429932,
            "BoundingBox3D Extent Z": 1.5220270156860352,
            "BoundingBox3D Orientation Quat W": 0.9998332262039185,
            "BoundingBox3D Orientation Quat X": 1.0698258945396333e-10,
            "BoundingBox3D Orientation Quat Y": -1.9938681816711323e-09,
            "BoundingBox3D Orientation Quat Z": 0.01825631409883499,
            "BoundingBox3D Origin X": -14.489221572875977,
            "BoundingBox3D Origin Y": -4.479382038116455,
            "BoundingBox3D Origin Z": 0.7859126329421997,
            "ObjectId": 0,
            "ObjectType": "CAR",
            "Occluded": 0,
            "Relative Velocity X": -6.412607192993164,
            "Relative Velocity Y": 0.7273964881896973,
            "Relative Velocity Z": 0.01013326644897461,
            "Truncated": 0
        },
        {
            "ActorName": "VAN 03",
            "BoundingBox3D Extent X": 6.0255866050720215,
            "BoundingBox3D Extent Y": 2.144935131072998,
            "BoundingBox3D Extent Z": 2.8196897506713867,
            "BoundingBox3D Orientation Quat W": 1,
            "BoundingBox3D Orientation Quat X": 0,
            "BoundingBox3D Orientation Quat Y": 0,
            "BoundingBox3D Orientation Quat Z": -8.229461673181504e-05,
            "BoundingBox3D Origin X": 48.947532653808594,
            "BoundingBox3D Origin Y": -4.203577041625977,
            "BoundingBox3D Origin Z": 1.2728427648544312,
            "ObjectId": 3,
            "ObjectType": "VAN",
            "Occluded": 0,
            "Relative Velocity X": -4.981571197509766,
            "Relative Velocity Y": -0.11671018600463867,
            "Relative Velocity Z": -0.0316159725189209,
            "Truncated": 0
        }
    ],
    "Timestamp": "4833589579000"
}