{
    "CapturedObjects": [
        {
            "ActorName": "CAR 04",
            "BoundingBox3D Extent X": 4.7388153076171875,
            "BoundingBox3D Extent Y": 2.0734503269195557,
            "BoundingBox3D Extent Z": 1.9572224617004395,
            "BoundingBox3D Orientation Quat W": 1,
            "BoundingBox3D Orientation Quat X": 0,
            "BoundingBox3D Orientation Quat Y": 0,
            "BoundingBox3D Orientation Quat Z": 0,
            "BoundingBox3D Origin X": 113.88058471679688,
            "BoundingBox3D Origin Y": -6.395618915557861,
            "BoundingBox3D Origin Z": 0.32655301690101624,
            "ObjectId": 4,
            "ObjectType": "CAR",
            "Occluded": 0,
            "Relative Velocity X": -1.3591232299804688,
            "Relative Velocity Y": -0.5246315002441406,
            "Relative Velocity Z": -0.0450778603553772,
            "Truncated": 0
        },
        {
            "ActorName": "TRUCK 05",
            "BoundingBox3D Extent X": 16.6685791015625,
            "BoundingBox3D Extent Y": 2.8649961948394775,
            "BoundingBox3D Extent Z": 3.925795555114746,
            "BoundingBox3D Orientation Quat W": 0.9999712109565735,
            "BoundingBox3D Orientation Quat X": 1.8266118617660254e-09,
            "BoundingBox3D Orientation Quat Y": 2.5870065201161196e-07,
            "BoundingBox3D Orientation Quat Z": -0.00760997086763382,
            "BoundingBox3D Origin X": -102.4082260131836,
            "BoundingBox3D Origin Y": -3.1478796005249023,
            "BoundingBox3D Origin Z": 2.073296546936035,
            "ObjectId": 5,
            "ObjectType": "TRUCK",
            "Occluded": 0,
            "Relative Velocity X": -6.175872802734375,
            "Relative Velocity Y": -0.20492315292358398,
            "Relative Velocity Z": 0.09377074241638184,
            "Truncated": 0
        },
        {
            "ActorName": "CAR 06",
            "BoundingBox3D Extent X": 5.291204452514648,
            "BoundingBox3D Extent Y": 2.0086662769317627,
            "BoundingBox3D Extent Z": 1.513735055923462,
            "BoundingBox3D Orientation Quat W": 0.9999778866767883,
            "BoundingBox3D Orientation Quat X": 2.386548736410532e-09,
            "BoundingBox3D Orientation Quat Y": -1.0796391336498345e-08,
            "BoundingBox3D Orientation Quat Z": -0.0066452790051698685,
            "BoundingBox3D Origin X": -71.36930084228516,
            "BoundingBox3D Origin Y": 0.027905743569135666,
            "BoundingBox3D Origin Z": 0.7606877684593201,
            "ObjectId": 6,
            "ObjectType": "CAR",
            "Occluded": 0,
            "Relative Velocity X": -2.056884765625,
            "Relative Velocity Y": -0.21297642588615417,
            "Relative Velocity Z": -1.1920928955078125e-07,
            "Truncated": 0
        },
        {
            "ActorName": "CAR 07",
            "BoundingBox3D Extent X": 5.167489051818848,
            "BoundingBox3D Extent Y": 2.1132826805114746,
            "BoundingBox3D Extent Z": 1.6062761545181274,
            "BoundingBox3D Orientation Quat W": 0.9999985694885254,
            "BoundingBox3D Orientation Quat X": 0,
            "BoundingBox3D Orientation Quat Y": 0,
            "BoundingBox3D Orientation Quat Z": -0.001747680245898664,
            "BoundingBox3D Origin X": -77.30980682373047,
            "BoundingBox3D Origin Y": -5.101018905639648,
            "BoundingBox3D Origin Z": 0.8260173201560974,
            "ObjectId": 7,
            "ObjectType": "CAR",
            "Occluded": 0,
            "Relative Velocity X": -2.043670654296875,
            "Relative Velocity Y": 0.5178251266479492,
            "Relative Velocity Z": 0,
            "Truncated": 0
        },
        {
            "ActorName": "CAR 02",
            "BoundingBox3D Extent X": 3.9690420627593994,
            "BoundingBox3D Extent Y": 1.7145068645477295,
            "BoundingBox3D Extent Z": 1.554603934288025,
            "BoundingBox3D Orientation Quat W": 0.9997844696044922,
            "BoundingBox3D Orientation Quat X": -9.396359246238717e-10,
            "BoundingBox3D Orientation Quat Y": 1.7130166729550922e-10,
            "BoundingBox3D Orientation Quat Z": 0.02076069265604019,
            "BoundingBox3D Origin X": 68.68126678466797,
            "BoundingBox3D Origin Y": -5.220306873321533,
            "BoundingBox3D Origin Z": 0.5564785003662109,
            "ObjectId": 2,
            "ObjectType": "CAR",
            "Occluded": 0,
            "Relative Velocity X": 3.6277999877929688,
            "Relative Velocity Y": 0.43994712829589844,
            "Relative Velocity Z": -0.028599560260772705,
            "Truncated": 0
        },
        {
            "ActorName": "VAN 01",
            "BoundingBox3D Extent X": 5.291935920715332,
            "BoundingBox3D Extent Y": 2.1456520557403564,
            "BoundingBox3D Extent Z": 2.0940957069396973,
            "BoundingBox3D Orientation Quat W": 0.9999991655349731,
            "BoundingBox3D Orientation Quat X": -2.4029733758368366e-09,
            "BoundingBox3D Orientation Quat Y": -4.0175596183189555e-09,
            "BoundingBox3D Orientation Quat Z": 0.0012678410857915878,
            "BoundingBox3D Origin X": -9.643745422363281,
            "BoundingBox3D Origin Y": -4.014838218688965,
            "BoundingBox3D Origin Z": 1.0238951444625854,
            "ObjectId": 1,
            "ObjectType": "VAN",
            "Occluded": 0,
            "Relative Velocity X": -6.3388261795043945,
            "Relative Velocity Y": 0.025271892547607422,
            "Relative Velocity Z": 0.037572383880615234,
            "Truncated": 0
        },
        {
            "ActorName": "CAR 00",
            "BoundingBox3D Extent X": 4.3489990234375,
            "BoundingBox3D Extent Y": 1.8762915134429932,
            "BoundingBox3D Extent Z": 1.5220270156860352,
            "BoundingBox3D Orientation Quat W": 0.9999927282333374,
            "BoundingBox3D Orientation Quat X": -5.74459868563082e-10,
            "BoundingBox3D Orientation Quat Y": 7.753132358345738e-09,
            "BoundingBox3D Orientation Quat Z": 0.003819484729319811,
            "BoundingBox3D Origin X": -23.02950668334961,
            "BoundingBox3D Origin Y": -3.992513656616211,
            "BoundingBox3D Origin Z": 0.8207498788833618,
            "ObjectId": 0,
            "ObjectType": "CAR",
            "Occluded": 0,
            "Relative Velocity X": -6.560575485229492,
            "Relative Velocity Y": 0.15573596954345703,
            "Relative Velocity Z": 0.043854355812072754,
            "Truncated": 0
        },
        {
            "ActorName": "VAN 03",
            "BoundingBox3D Extent X": 6.025586128234863,
            "BoundingBox3D Extent Y": 2.144935131072998,
            "BoundingBox3D Extent Z": 2.8196897506713867,
            "BoundingBox3D Orientation Quat W": 1,
            "BoundingBox3D Orientation Quat X": 0,
            "BoundingBox3D Orientation Quat Y": 0,
            "BoundingBox3D Orientation Quat Z": 8.14199447631836e-05,
            "BoundingBox3D Origin X": 42.24848175048828,
            "BoundingBox3D Origin Y": -4.370214462280273,
            "BoundingBox3D Origin Z": 1.2598921060562134,
            "ObjectId": 3,
            "ObjectType": "VAN",
            "Occluded": 0,
            "Relative Velocity X": -5.065635681152344,
            "Relative Velocity Y": -0.19070196151733398,
            "Relative Velocity Z": -0.0020467042922973633,
            "Truncated": 0
        }
    ],
    "Timestamp": "4834922910000"
}