{
    "CapturedObjects": [
        {
            "ActorName": "CAR 04",
            "BoundingBox3D Extent X": 4.7388153076171875,
            "BoundingBox3D Extent Y": 2.0734503269195557,
            "BoundingBox3D Extent Z": 1.9572222232818604,
            "BoundingBox3D Orientation Quat W": 1,
            "BoundingBox3D Orientation Quat X": 0,
            "BoundingBox3D Orientation Quat Y": 0,
            "BoundingBox3D Orientation Quat Z": 0,
            "BoundingBox3D Origin X": 115.14857482910156,
            "BoundingBox3D Origin Y": -5.8698225021362305,
            "BoundingBox3D Origin Z": 0.4267190396785736,
            "ObjectId": 4,
            "ObjectType": "CAR",
            "Occluded": 0,
            "Relative Velocity X": -1.5069580078125,
            "Relative Velocity Y": -0.6141433715820312,
            "Relative Velocity Z": -0.11784490942955017,
            "Truncated": 0
        },
        {
            "ActorName": "TRUCK 05",
            "BoundingBox3D Extent X": 16.6685791015625,
            "BoundingBox3D Extent Y": 2.8649959564208984,
            "BoundingBox3D Extent Z": 3.925795316696167,
            "BoundingBox3D Orientation Quat W": 0.9999995231628418,
            "BoundingBox3D Orientation Quat X": -9.871346406953307e-09,
            "BoundingBox3D Orientation Quat Y": 5.010925860915449e-07,
            "BoundingBox3D Orientation Quat Z": -0.0009970475221052766,
            "BoundingBox3D Origin X": -97.08922576904297,
            "BoundingBox3D Origin Y": -3.0845625400543213,
            "BoundingBox3D Origin Z": 2.0786476135253906,
            "ObjectId": 5,
            "ObjectType": "TRUCK",
            "Occluded": 0,
            "Relative Velocity X": -6.09332275390625,
            "Relative Velocity Y": -0.013824701309204102,
            "Relative Velocity Z": -0.0585477352142334,
            "Truncated": 0
        },
        {
            "ActorName": "CAR 06",
            "BoundingBox3D Extent X": 5.29120397567749,
            "BoundingBox3D Extent Y": 2.0086662769317627,
            "BoundingBox3D Extent Z": 1.513735055923462,
            "BoundingBox3D Orientation Quat W": 0.9999980330467224,
            "BoundingBox3D Orientation Quat X": -1.2809068472563467e-08,
            "BoundingBox3D Orientation Quat Y": 9.988133875538097e-09,
            "BoundingBox3D Orientation Quat Z": -0.002011249540373683,
            "BoundingBox3D Origin X": -69.60222625732422,
            "BoundingBox3D Origin Y": 0.10399837791919708,
            "BoundingBox3D Origin Z": 0.7606877088546753,
            "ObjectId": 6,
            "ObjectType": "CAR",
            "Occluded": 0,
            "Relative Velocity X": -2.0105056762695312,
            "Relative Velocity Y": -0.018252089619636536,
            "Relative Velocity Z": 0,
            "Truncated": 0
        },
        {
            "ActorName": "CAR 07",
            "BoundingBox3D Extent X": 5.167489051818848,
            "BoundingBox3D Extent Y": 2.1132826805114746,
            "BoundingBox3D Extent Z": 1.606276035308838,
            "BoundingBox3D Orientation Quat W": 0.9999985694885254,
            "BoundingBox3D Orientation Quat X": 0,
            "BoundingBox3D Orientation Quat Y": 0,
            "BoundingBox3D Orientation Quat Z": -0.001747680245898664,
            "BoundingBox3D Origin X": -75.38307189941406,
            "BoundingBox3D Origin Y": -5.63824462890625,
            "BoundingBox3D Origin Z": 0.8260172605514526,
            "ObjectId": 7,
            "ObjectType": "CAR",
            "Occluded": 0,
            "Relative Velocity X": -2.2774200439453125,
            "Relative Velocity Y": 0.6778764724731445,
            "Relative Velocity Z": -0.004746139049530029,
            "Truncated": 0
        },
        {
            "ActorName": "CAR 02",
            "BoundingBox3D Extent X": 3.9690418243408203,
            "BoundingBox3D Extent Y": 1.7145068645477295,
            "BoundingBox3D Extent Z": 1.5546038150787354,
            "BoundingBox3D Orientation Quat W": 0.999739944934845,
            "BoundingBox3D Orientation Quat X": -6.175043809619751e-10,
            "BoundingBox3D Orientation Quat Y": 3.358198441549831e-11,
            "BoundingBox3D Orientation Quat Z": 0.02280379645526409,
            "BoundingBox3D Origin X": 65.61012268066406,
            "BoundingBox3D Origin Y": -6.016438961029053,
            "BoundingBox3D Origin Z": 0.5713783502578735,
            "ObjectId": 2,
            "ObjectType": "CAR",
            "Occluded": 0,
            "Relative Velocity X": 3.502471923828125,
            "Relative Velocity Y": 1.1541013717651367,
            "Relative Velocity Z": -0.01158285140991211,
            "Truncated": 0
        },
        {
            "ActorName": "VAN 01",
            "BoundingBox3D Extent X": 5.291934967041016,
            "BoundingBox3D Extent Y": 2.1456520557403564,
            "BoundingBox3D Extent Z": 2.0940957069396973,
            "BoundingBox3D Orientation Quat W": 0.9999991655349731,
            "BoundingBox3D Orientation Quat X": -2.4029733758368366e-09,
            "BoundingBox3D Orientation Quat Y": -4.0175596183189555e-09,
            "BoundingBox3D Orientation Quat Z": 0.0012678410857915878,
            "BoundingBox3D Origin X": -4.12929630279541,
            "BoundingBox3D Origin Y": -4.032830238342285,
            "BoundingBox3D Origin Z": 1.035457730293274,
            "ObjectId": 1,
            "ObjectType": "VAN",
            "Occluded": 0,
            "Relative Velocity X": -6.3552937507629395,
            "Relative Velocity Y": 0.022636890411376953,
            "Relative Velocity Z": -0.04056084156036377,
            "Truncated": 0
        },
        {
            "ActorName": "CAR 00",
            "BoundingBox3D Extent X": 4.348998069763184,
            "BoundingBox3D Extent Y": 1.8762915134429932,
            "BoundingBox3D Extent Z": 1.5220270156860352,
            "BoundingBox3D Orientation Quat W": 0.9999285936355591,
            "BoundingBox3D Orientation Quat X": -6.441522315547843e-10,
            "BoundingBox3D Orientation Quat Y": 4.235718442657799e-09,
            "BoundingBox3D Orientation Quat Z": 0.011946759186685085,
            "BoundingBox3D Origin X": -17.457237243652344,
            "BoundingBox3D Origin Y": -4.254199028015137,
            "BoundingBox3D Origin Z": 0.7945014834403992,
            "ObjectId": 0,
            "ObjectType": "CAR",
            "Occluded": 0,
            "Relative Velocity X": -6.354625701904297,
            "Relative Velocity Y": 0.457766056060791,
            "Relative Velocity Z": 0.0192410945892334,
            "Truncated": 0
        },
        {
            "ActorName": "VAN 03",
            "BoundingBox3D Extent X": 6.025586128234863,
            "BoundingBox3D Extent Y": 2.144935131072998,
            "BoundingBox3D Extent Z": 2.8196897506713867,
            "BoundingBox3D Orientation Quat W": 0.9999991059303284,
            "BoundingBox3D Orientation Quat X": 0,
            "BoundingBox3D Orientation Quat Y": 0,
            "BoundingBox3D Orientation Quat Z": -0.001307144295424223,
            "BoundingBox3D Origin X": 46.612632751464844,
            "BoundingBox3D Origin Y": -4.254948139190674,
            "BoundingBox3D Origin Z": 1.2644400596618652,
            "ObjectId": 3,
            "ObjectType": "VAN",
            "Occluded": 0,
            "Relative Velocity X": -5.010719299316406,
            "Relative Velocity Y": -0.10780811309814453,
            "Relative Velocity Z": -0.013346076011657715,
            "Truncated": 0
        }
    ],
    "Timestamp": "4834056245000"
}