{
    "CapturedObjects": [
        {
            "ActorName": "CAR 04",
            "BoundingBox3D Extent X": 4.7388153076171875,
            "BoundingBox3D Extent Y": 2.0734505653381348,
            "BoundingBox3D Extent Z": 1.9572224617004395,
            "BoundingBox3D Orientation Quat W": 1,
            "BoundingBox3D Orientation Quat X": 0,
            "BoundingBox3D Orientation Quat Y": 0,
            "BoundingBox3D Orientation Quat Z": 0,
            "BoundingBox3D Origin X": 113.7082290649414,
            "BoundingBox3D Origin Y": -6.458576679229736,
            "BoundingBox3D Origin Z": 0.32655301690101624,
            "ObjectId": 4,
            "ObjectType": "CAR",
            "Occluded": 0,
            "Relative Velocity X": -1.3295745849609375,
            "Relative Velocity Y": -0.5013041496276855,
            "Relative Velocity Z": -0.025042086839675903,
            "Truncated": 0
        },
        {
            "ActorName": "TRUCK 05",
            "BoundingBox3D Extent X": 16.6685791015625,
            "BoundingBox3D Extent Y": 2.8649959564208984,
            "BoundingBox3D Extent Z": 3.925795555114746,
            "BoundingBox3D Orientation Quat W": 0.9999719858169556,
            "BoundingBox3D Orientation Quat X": 2.005849486508282e-09,
            "BoundingBox3D Orientation Quat Y": 3.275781637057662e-07,
            "BoundingBox3D Orientation Quat Z": -0.007503055036067963,
            "BoundingBox3D Origin X": -103.23432922363281,
            "BoundingBox3D Origin Y": -3.184143543243408,
            "BoundingBox3D Origin Z": 2.0925755500793457,
            "ObjectId": 5,
            "ObjectType": "TRUCK",
            "Occluded": 0,
            "Relative Velocity X": -6.186988830566406,
            "Relative Velocity Y": -0.24323344230651855,
            "Relative Velocity Z": 0.12280821800231934,
            "Truncated": 0
        },
        {
            "ActorName": "CAR 06",
            "BoundingBox3D Extent X": 5.291203498840332,
            "BoundingBox3D Extent Y": 2.0086662769317627,
            "BoundingBox3D Extent Z": 1.513735055923462,
            "BoundingBox3D Orientation Quat W": 0.9999892711639404,
            "BoundingBox3D Orientation Quat X": 3.293656680725121e-09,
            "BoundingBox3D Orientation Quat Y": -1.598722398910013e-08,
            "BoundingBox3D Orientation Quat Z": -0.004616434685885906,
            "BoundingBox3D Origin X": -71.644775390625,
            "BoundingBox3D Origin Y": -0.008978743106126785,
            "BoundingBox3D Origin Z": 0.7606877088546753,
            "ObjectId": 6,
            "ObjectType": "CAR",
            "Occluded": 0,
            "Relative Velocity X": -2.06207275390625,
            "Relative Velocity Y": -0.24934333562850952,
            "Relative Velocity Z": -5.960464477539063e-08,
            "Truncated": 0
        },
        {
            "ActorName": "CAR 07",
            "BoundingBox3D Extent X": 5.167489051818848,
            "BoundingBox3D Extent Y": 2.1132826805114746,
            "BoundingBox3D Extent Z": 1.606276035308838,
            "BoundingBox3D Orientation Quat W": 0.9999985694885254,
            "BoundingBox3D Orientation Quat X": 0,
            "BoundingBox3D Orientation Quat Y": 0,
            "BoundingBox3D Orientation Quat Z": -0.001747680245898664,
            "BoundingBox3D Origin X": -77.57013702392578,
            "BoundingBox3D Origin Y": -5.038890361785889,
            "BoundingBox3D Origin Z": 0.8260172605514526,
            "ObjectId": 7,
            "ObjectType": "CAR",
            "Occluded": 0,
            "Relative Velocity X": -1.9915008544921875,
            "Relative Velocity Y": 0.48816728591918945,
            "Relative Velocity Z": 0,
            "Truncated": 0
        },
        {
            "ActorName": "CAR 02",
            "BoundingBox3D Extent X": 3.9690423011779785,
            "BoundingBox3D Extent Y": 1.7145068645477295,
            "BoundingBox3D Extent Z": 1.5546040534973145,
            "BoundingBox3D Orientation Quat W": 0.999863862991333,
            "BoundingBox3D Orientation Quat X": -1.5660989172161521e-09,
            "BoundingBox3D Orientation Quat Y": 2.8550989350506484e-10,
            "BoundingBox3D Orientation Quat Z": 0.016502419486641884,
            "BoundingBox3D Origin X": 69.17218017578125,
            "BoundingBox3D Origin Y": -5.202455997467041,
            "BoundingBox3D Origin Z": 0.5516924858093262,
            "ObjectId": 2,
            "ObjectType": "CAR",
            "Occluded": 0,
            "Relative Velocity X": 3.6516799926757812,
            "Relative Velocity Y": 0.3039073944091797,
            "Relative Velocity Z": -0.03184103965759277,
            "Truncated": 0
        },
        {
            "ActorName": "VAN 01",
            "BoundingBox3D Extent X": 5.291934967041016,
            "BoundingBox3D Extent Y": 2.1456520557403564,
            "BoundingBox3D Extent Z": 2.0940957069396973,
            "BoundingBox3D Orientation Quat W": 0.9999991655349731,
            "BoundingBox3D Orientation Quat X": -2.4029733758368366e-09,
            "BoundingBox3D Orientation Quat Y": -4.0175596183189555e-09,
            "BoundingBox3D Orientation Quat Z": 0.0012678410857915878,
            "BoundingBox3D Origin X": -10.487335205078125,
            "BoundingBox3D Origin Y": -4.011162281036377,
            "BoundingBox3D Origin Z": 1.0323566198349,
            "ObjectId": 1,
            "ObjectType": "VAN",
            "Occluded": 0,
            "Relative Velocity X": -6.331763744354248,
            "Relative Velocity Y": 0.026581764221191406,
            "Relative Velocity Z": 0.05236482620239258,
            "Truncated": 0
        },
        {
            "ActorName": "CAR 00",
            "BoundingBox3D Extent X": 4.348998069763184,
            "BoundingBox3D Extent Y": 1.8762915134429932,
            "BoundingBox3D Extent Z": 1.5220270156860352,
            "BoundingBox3D Orientation Quat W": 0.9999920129776001,
            "BoundingBox3D Orientation Quat X": -5.653246620829222e-11,
            "BoundingBox3D Orientation Quat Y": 6.335400648538325e-09,
            "BoundingBox3D Orientation Quat Z": 0.003995230421423912,
            "BoundingBox3D Origin X": -23.91317367553711,
            "BoundingBox3D Origin Y": -3.9816601276397705,
            "BoundingBox3D Origin Z": 0.8275171518325806,
            "ObjectId": 0,
            "ObjectType": "CAR",
            "Occluded": 0,
            "Relative Velocity X": -6.598554611206055,
            "Relative Velocity Y": 0.11325287818908691,
            "Relative Velocity Z": 0.047795772552490234,
            "Truncated": 0
        },
        {
            "ActorName": "VAN 03",
            "BoundingBox3D Extent X": 6.0255866050720215,
            "BoundingBox3D Extent Y": 2.144935131072998,
            "BoundingBox3D Extent Z": 2.8196897506713867,
            "BoundingBox3D Orientation Quat W": 1,
            "BoundingBox3D Orientation Quat X": 0,
            "BoundingBox3D Orientation Quat Y": 0,
            "BoundingBox3D Orientation Quat Z": 8.14199447631836e-05,
            "BoundingBox3D Origin X": 41.570472717285156,
            "BoundingBox3D Origin Y": -4.400562286376953,
            "BoundingBox3D Origin Z": 1.2598921060562134,
            "ObjectId": 3,
            "ObjectType": "VAN",
            "Occluded": 0,
            "Relative Velocity X": -5.0741119384765625,
            "Relative Velocity Y": -0.20709800720214844,
            "Relative Velocity Z": -0.0011370182037353516,
            "Truncated": 0
        }
    ],
    "Timestamp": "4835056250000"
}