{
    "CapturedObjects": [
        {
            "ActorName": "CAR 04",
            "BoundingBox3D Extent X": 4.7388153076171875,
            "BoundingBox3D Extent Y": 2.0734503269195557,
            "BoundingBox3D Extent Z": 1.9572224617004395,
            "BoundingBox3D Orientation Quat W": 1,
            "BoundingBox3D Orientation Quat X": 0,
            "BoundingBox3D Orientation Quat Y": 0,
            "BoundingBox3D Orientation Quat Z": 0,
            "BoundingBox3D Origin X": 112.23268127441406,
            "BoundingBox3D Origin Y": -6.951064109802246,
            "BoundingBox3D Origin Z": 0.32655301690101624,
            "ObjectId": 4,
            "ObjectType": "CAR",
            "Occluded": 0,
            "Relative Velocity X": -0.8744583129882812,
            "Relative Velocity Y": -0.24579763412475586,
            "Relative Velocity Z": 0,
            "Truncated": 0
        },
        {
            "ActorName": "CAR 06",
            "BoundingBox3D Extent X": 5.29120397567749,
            "BoundingBox3D Extent Y": 2.0086662769317627,
            "BoundingBox3D Extent Z": 1.513735055923462,
            "BoundingBox3D Orientation Quat W": -0.9999898672103882,
            "BoundingBox3D Orientation Quat X": -7.375084098981688e-09,
            "BoundingBox3D Orientation Quat Y": 3.9342939572861724e-08,
            "BoundingBox3D Orientation Quat Z": -0.004512726329267025,
            "BoundingBox3D Origin X": -74.56283569335938,
            "BoundingBox3D Origin Y": -0.47112971544265747,
            "BoundingBox3D Origin Z": 0.760687530040741,
            "ObjectId": 6,
            "ObjectType": "CAR",
            "Occluded": 0,
            "Relative Velocity X": -2.3487014770507812,
            "Relative Velocity Y": -0.3150182366371155,
            "Relative Velocity Z": -1.1920928955078125e-07,
            "Truncated": 0
        },
        {
            "ActorName": "CAR 07",
            "BoundingBox3D Extent X": 5.167489051818848,
            "BoundingBox3D Extent Y": 2.1132826805114746,
            "BoundingBox3D Extent Z": 1.606276035308838,
            "BoundingBox3D Orientation Quat W": 0.9999985694885254,
            "BoundingBox3D Orientation Quat X": 0,
            "BoundingBox3D Orientation Quat Y": 0,
            "BoundingBox3D Orientation Quat Z": -0.001747680245898664,
            "BoundingBox3D Origin X": -79.98811340332031,
            "BoundingBox3D Origin Y": -4.667664527893066,
            "BoundingBox3D Origin Z": 0.8260172605514526,
            "ObjectId": 7,
            "ObjectType": "CAR",
            "Occluded": 0,
            "Relative Velocity X": -1.73150634765625,
            "Relative Velocity Y": 0.1290283203125,
            "Relative Velocity Z": 5.960464477539063e-08,
            "Truncated": 0
        },
        {
            "ActorName": "CAR 02",
            "BoundingBox3D Extent X": 3.9690420627593994,
            "BoundingBox3D Extent Y": 1.7145068645477295,
            "BoundingBox3D Extent Z": 1.554603934288025,
            "BoundingBox3D Orientation Quat W": 0.9999842643737793,
            "BoundingBox3D Orientation Quat X": -3.14565729020444e-09,
            "BoundingBox3D Orientation Quat Y": 2.687556566183247e-10,
            "BoundingBox3D Orientation Quat Z": 0.005598569288849831,
            "BoundingBox3D Origin X": 73.59214782714844,
            "BoundingBox3D Origin Y": -5.0388641357421875,
            "BoundingBox3D Origin Z": 0.5933530330657959,
            "ObjectId": 2,
            "ObjectType": "CAR",
            "Occluded": 0,
            "Relative Velocity X": 2.8410110473632812,
            "Relative Velocity Y": 0.0372314453125,
            "Relative Velocity Z": 0.08635324239730835,
            "Truncated": 0
        },
        {
            "ActorName": "VAN 01",
            "BoundingBox3D Extent X": 5.291935443878174,
            "BoundingBox3D Extent Y": 2.1456520557403564,
            "BoundingBox3D Extent Z": 2.0940957069396973,
            "BoundingBox3D Orientation Quat W": 0.9999991655349731,
            "BoundingBox3D Orientation Quat X": -2.4029733758368366e-09,
            "BoundingBox3D Orientation Quat Y": -4.0175596183189555e-09,
            "BoundingBox3D Orientation Quat Z": 0.0012678410857915878,
            "BoundingBox3D Origin X": -18.970211029052734,
            "BoundingBox3D Origin Y": -3.939443588256836,
            "BoundingBox3D Origin Z": 1.0774774551391602,
            "ObjectId": 1,
            "ObjectType": "VAN",
            "Occluded": 0,
            "Relative Velocity X": -6.283195495605469,
            "Relative Velocity Y": 0.07621955871582031,
            "Relative Velocity Z": -0.001980900764465332,
            "Truncated": 0
        },
        {
            "ActorName": "CAR 00",
            "BoundingBox3D Extent X": 4.348998546600342,
            "BoundingBox3D Extent Y": 1.8762915134429932,
            "BoundingBox3D Extent Z": 1.5220270156860352,
            "BoundingBox3D Orientation Quat W": 0.9998995661735535,
            "BoundingBox3D Orientation Quat X": 6.064447832798692e-10,
            "BoundingBox3D Orientation Quat Y": -1.1698125974846096e-11,
            "BoundingBox3D Orientation Quat Z": 0.01418241485953331,
            "BoundingBox3D Origin X": -32.5455436706543,
            "BoundingBox3D Origin Y": -3.937283992767334,
            "BoundingBox3D Origin Z": 0.8107324242591858,
            "ObjectId": 0,
            "ObjectType": "CAR",
            "Occluded": 0,
            "Relative Velocity X": -6.350704193115234,
            "Relative Velocity Y": 0.02959895133972168,
            "Relative Velocity Z": -0.053633153438568115,
            "Truncated": 0
        },
        {
            "ActorName": "VAN 03",
            "BoundingBox3D Extent X": 6.0255866050720215,
            "BoundingBox3D Extent Y": 2.144935131072998,
            "BoundingBox3D Extent Z": 2.8196897506713867,
            "BoundingBox3D Orientation Quat W": 1,
            "BoundingBox3D Orientation Quat X": 0,
            "BoundingBox3D Orientation Quat Y": 0,
            "BoundingBox3D Orientation Quat Z": 8.14199447631836e-05,
            "BoundingBox3D Origin X": 34.86471176147461,
            "BoundingBox3D Origin Y": -4.652205944061279,
            "BoundingBox3D Origin Z": 1.3201148509979248,
            "ObjectId": 3,
            "ObjectType": "VAN",
            "Occluded": 0,
            "Relative Velocity X": -4.977695465087891,
            "Relative Velocity Y": -0.14739751815795898,
            "Relative Velocity Z": 0.07716131210327148,
            "Truncated": 0
        }
    ],
    "Timestamp": "4836389558000"
}