{
    "CapturedObjects": [
        {
            "ActorName": "CAR 04",
            "BoundingBox3D Extent X": 4.7388153076171875,
            "BoundingBox3D Extent Y": 2.0734503269195557,
            "BoundingBox3D Extent Z": 1.95722234249115,
            "BoundingBox3D Orientation Quat W": 1,
            "BoundingBox3D Orientation Quat X": 0,
            "BoundingBox3D Orientation Quat Y": 0,
            "BoundingBox3D Orientation Quat Z": 0,
            "BoundingBox3D Origin X": 113.44970703125,
            "BoundingBox3D Origin Y": -6.553004264831543,
            "BoundingBox3D Origin Z": 0.32655301690101624,
            "ObjectId": 4,
            "ObjectType": "CAR",
            "Occluded": 0,
            "Relative Velocity X": -1.2802276611328125,
            "Relative Velocity Y": -0.46529722213745117,
            "Relative Velocity Z": 0,
            "Truncated": 0
        },
        {
            "ActorName": "TRUCK 05",
            "BoundingBox3D Extent X": 16.6685791015625,
            "BoundingBox3D Extent Y": 2.8649961948394775,
            "BoundingBox3D Extent Z": 3.925795555114746,
            "BoundingBox3D Orientation Quat W": 0.9999731779098511,
            "BoundingBox3D Orientation Quat X": 2.2746795558248323e-09,
            "BoundingBox3D Orientation Quat Y": 4.308843699618592e-07,
            "BoundingBox3D Orientation Quat Z": -0.007342697586864233,
            "BoundingBox3D Origin X": -104.4733657836914,
            "BoundingBox3D Origin Y": -3.238534450531006,
            "BoundingBox3D Origin Z": 2.1214914321899414,
            "ObjectId": 5,
            "ObjectType": "TRUCK",
            "Occluded": 0,
            "Relative Velocity X": -6.12274169921875,
            "Relative Velocity Y": -0.23708271980285645,
            "Relative Velocity Z": 0.13012456893920898,
            "Truncated": 0
        },
        {
            "ActorName": "CAR 06",
            "BoundingBox3D Extent X": 5.29120397567749,
            "BoundingBox3D Extent Y": 2.0086662769317627,
            "BoundingBox3D Extent Z": 1.513735055923462,
            "BoundingBox3D Orientation Quat W": 0.9999986886978149,
            "BoundingBox3D Orientation Quat X": 4.654159280192971e-09,
            "BoundingBox3D Orientation Quat Y": -2.3772591006832045e-08,
            "BoundingBox3D Orientation Quat Z": -0.0015734316548332572,
            "BoundingBox3D Origin X": -72.0579605102539,
            "BoundingBox3D Origin Y": -0.06430007517337799,
            "BoundingBox3D Origin Z": 0.7606877088546753,
            "ObjectId": 6,
            "ObjectType": "CAR",
            "Occluded": 0,
            "Relative Velocity X": -2.0882568359375,
            "Relative Velocity Y": -0.2893412113189697,
            "Relative Velocity Z": -5.960464477539063e-08,
            "Truncated": 0
        },
        {
            "ActorName": "CAR 07",
            "BoundingBox3D Extent X": 5.167489051818848,
            "BoundingBox3D Extent Y": 2.1132826805114746,
            "BoundingBox3D Extent Z": 1.606276035308838,
            "BoundingBox3D Orientation Quat W": 0.9999985694885254,
            "BoundingBox3D Orientation Quat X": 0,
            "BoundingBox3D Orientation Quat Y": 0,
            "BoundingBox3D Orientation Quat Z": -0.001747680245898664,
            "BoundingBox3D Origin X": -77.96060943603516,
            "BoundingBox3D Origin Y": -4.945707321166992,
            "BoundingBox3D Origin Z": 0.8260172605514526,
            "ObjectId": 7,
            "ObjectType": "CAR",
            "Occluded": 0,
            "Relative Velocity X": -1.9271240234375,
            "Relative Velocity Y": 0.4318351745605469,
            "Relative Velocity Z": 0,
            "Truncated": 0
        },
        {
            "ActorName": "CAR 02",
            "BoundingBox3D Extent X": 3.9690420627593994,
            "BoundingBox3D Extent Y": 1.7145068645477295,
            "BoundingBox3D Extent Z": 1.554603934288025,
            "BoundingBox3D Orientation Quat W": 0.9999487996101379,
            "BoundingBox3D Orientation Quat X": -2.5056450247973316e-09,
            "BoundingBox3D Orientation Quat Y": 4.5679518501096084e-10,
            "BoundingBox3D Orientation Quat Z": 0.010115093551576138,
            "BoundingBox3D Origin X": 69.90846252441406,
            "BoundingBox3D Origin Y": -5.1756815910339355,
            "BoundingBox3D Origin Z": 0.5445141792297363,
            "ObjectId": 2,
            "ObjectType": "CAR",
            "Occluded": 0,
            "Relative Velocity X": 3.6570892333984375,
            "Relative Velocity Y": 0.13312959671020508,
            "Relative Velocity Z": -0.03141659498214722,
            "Truncated": 0
        },
        {
            "ActorName": "VAN 01",
            "BoundingBox3D Extent X": 5.291935443878174,
            "BoundingBox3D Extent Y": 2.1456520557403564,
            "BoundingBox3D Extent Z": 2.0940957069396973,
            "BoundingBox3D Orientation Quat W": 0.9999991655349731,
            "BoundingBox3D Orientation Quat X": -2.4029733758368366e-09,
            "BoundingBox3D Orientation Quat Y": -4.0175596183189555e-09,
            "BoundingBox3D Orientation Quat Z": 0.0012678410857915878,
            "BoundingBox3D Origin X": -11.75259780883789,
            "BoundingBox3D Origin Y": -4.005649566650391,
            "BoundingBox3D Origin Z": 1.0450477600097656,
            "ObjectId": 1,
            "ObjectType": "VAN",
            "Occluded": 0,
            "Relative Velocity X": -6.332963943481445,
            "Relative Velocity Y": 0.0323328971862793,
            "Relative Velocity Z": 0.05807220935821533,
            "Truncated": 0
        },
        {
            "ActorName": "CAR 00",
            "BoundingBox3D Extent X": 4.348998546600342,
            "BoundingBox3D Extent Y": 1.8762915134429932,
            "BoundingBox3D Extent Z": 1.5220270156860352,
            "BoundingBox3D Orientation Quat W": 0.9999909400939941,
            "BoundingBox3D Orientation Quat X": 7.202829443997416e-10,
            "BoundingBox3D Orientation Quat Y": 4.209011361666626e-09,
            "BoundingBox3D Orientation Quat Z": 0.0042588235810399055,
            "BoundingBox3D Origin X": -25.238548278808594,
            "BoundingBox3D Origin Y": -3.965381145477295,
            "BoundingBox3D Origin Z": 0.8376672267913818,
            "ObjectId": 0,
            "ObjectType": "CAR",
            "Occluded": 0,
            "Relative Velocity X": -6.599269866943359,
            "Relative Velocity Y": 0.07264876365661621,
            "Relative Velocity Z": 0.039234936237335205,
            "Truncated": 0
        },
        {
            "ActorName": "VAN 03",
            "BoundingBox3D Extent X": 6.0255866050720215,
            "BoundingBox3D Extent Y": 2.144935131072998,
            "BoundingBox3D Extent Z": 2.8196897506713867,
            "BoundingBox3D Orientation Quat W": 1,
            "BoundingBox3D Orientation Quat X": 0,
            "BoundingBox3D Orientation Quat Y": 0,
            "BoundingBox3D Orientation Quat Z": 8.14199447631836e-05,
            "BoundingBox3D Origin X": 40.553558349609375,
            "BoundingBox3D Origin Y": -4.446079254150391,
            "BoundingBox3D Origin Z": 1.2598921060562134,
            "ObjectId": 3,
            "ObjectType": "VAN",
            "Occluded": 0,
            "Relative Velocity X": -5.081016540527344,
            "Relative Velocity Y": -0.22500038146972656,
            "Relative Velocity Z": 0.003011345863342285,
            "Truncated": 0
        }
    ],
    "Timestamp": "4835256259000"
}