{
    "CapturedObjects": [
        {
            "ActorName": "CAR 04",
            "BoundingBox3D Extent X": 4.7388153076171875,
            "BoundingBox3D Extent Y": 2.0734503269195557,
            "BoundingBox3D Extent Z": 1.95722234249115,
            "BoundingBox3D Orientation Quat W": 1,
            "BoundingBox3D Orientation Quat X": 0,
            "BoundingBox3D Orientation Quat Y": 0,
            "BoundingBox3D Orientation Quat Z": 0,
            "BoundingBox3D Origin X": 112.84648132324219,
            "BoundingBox3D Origin Y": -6.773339748382568,
            "BoundingBox3D Origin Z": 0.32655301690101624,
            "ObjectId": 4,
            "ObjectType": "CAR",
            "Occluded": 0,
            "Relative Velocity X": -1.1066741943359375,
            "Relative Velocity Y": -0.3693675994873047,
            "Relative Velocity Z": 0,
            "Truncated": 0
        },
        {
            "ActorName": "TRUCK 05",
            "BoundingBox3D Extent X": 16.6685791015625,
            "BoundingBox3D Extent Y": 2.8649961948394775,
            "BoundingBox3D Extent Z": 3.925795555114746,
            "BoundingBox3D Orientation Quat W": 0.9999755620956421,
            "BoundingBox3D Orientation Quat X": 2.8123519069112035e-09,
            "BoundingBox3D Orientation Quat Y": 6.375013867909729e-07,
            "BoundingBox3D Orientation Quat Z": -0.0070219747722148895,
            "BoundingBox3D Origin X": -107.31613159179688,
            "BoundingBox3D Origin Y": -3.3421974182128906,
            "BoundingBox3D Origin Z": 2.1793246269226074,
            "ObjectId": 5,
            "ObjectType": "TRUCK",
            "Occluded": 0,
            "Relative Velocity X": -6.09857177734375,
            "Relative Velocity Y": -0.22545719146728516,
            "Relative Velocity Z": 0.1253056526184082,
            "Truncated": 0
        },
        {
            "ActorName": "CAR 06",
            "BoundingBox3D Extent X": 5.29120397567749,
            "BoundingBox3D Extent Y": 2.0086662769317627,
            "BoundingBox3D Extent Z": 1.513735055923462,
            "BoundingBox3D Orientation Quat W": -0.9999898672103882,
            "BoundingBox3D Orientation Quat X": -7.375084098981688e-09,
            "BoundingBox3D Orientation Quat Y": 3.9342939572861724e-08,
            "BoundingBox3D Orientation Quat Z": -0.004512726329267025,
            "BoundingBox3D Origin X": -73.03694152832031,
            "BoundingBox3D Origin Y": -0.20187126100063324,
            "BoundingBox3D Origin Z": 0.7606875896453857,
            "ObjectId": 6,
            "ObjectType": "CAR",
            "Occluded": 0,
            "Relative Velocity X": -2.1922760009765625,
            "Relative Velocity Y": -0.3487361669540405,
            "Relative Velocity Z": -1.1920928955078125e-07,
            "Truncated": 0
        },
        {
            "ActorName": "CAR 07",
            "BoundingBox3D Extent X": 5.167489051818848,
            "BoundingBox3D Extent Y": 2.1132826805114746,
            "BoundingBox3D Extent Z": 1.606276035308838,
            "BoundingBox3D Orientation Quat W": 0.9999985694885254,
            "BoundingBox3D Orientation Quat X": 0,
            "BoundingBox3D Orientation Quat Y": 0,
            "BoundingBox3D Orientation Quat Z": -0.001747680245898664,
            "BoundingBox3D Origin X": -78.8548812866211,
            "BoundingBox3D Origin Y": -4.751002311706543,
            "BoundingBox3D Origin Z": 0.8260172605514526,
            "ObjectId": 7,
            "ObjectType": "CAR",
            "Occluded": 0,
            "Relative Velocity X": -1.8092803955078125,
            "Relative Velocity Y": 0.27273988723754883,
            "Relative Velocity Z": 0,
            "Truncated": 0
        },
        {
            "ActorName": "CAR 02",
            "BoundingBox3D Extent X": 3.9690420627593994,
            "BoundingBox3D Extent Y": 1.7145068645477295,
            "BoundingBox3D Extent Z": 1.554603934288025,
            "BoundingBox3D Orientation Quat W": 0.9999884366989136,
            "BoundingBox3D Orientation Quat X": -4.697506827966436e-09,
            "BoundingBox3D Orientation Quat Y": 8.563856845889006e-10,
            "BoundingBox3D Orientation Quat Z": -0.0047901701182127,
            "BoundingBox3D Origin X": 71.62650299072266,
            "BoundingBox3D Origin Y": -5.113206386566162,
            "BoundingBox3D Origin Z": 0.5277643203735352,
            "ObjectId": 2,
            "ObjectType": "CAR",
            "Occluded": 0,
            "Relative Velocity X": 3.31500244140625,
            "Relative Velocity Y": 0.1226949691772461,
            "Relative Velocity Z": 0.031245410442352295,
            "Truncated": 0
        },
        {
            "ActorName": "VAN 01",
            "BoundingBox3D Extent X": 5.291935443878174,
            "BoundingBox3D Extent Y": 2.1456520557403564,
            "BoundingBox3D Extent Z": 2.0940957069396973,
            "BoundingBox3D Orientation Quat W": 0.9999991655349731,
            "BoundingBox3D Orientation Quat X": -2.4029733758368366e-09,
            "BoundingBox3D Orientation Quat Y": -4.0175596183189555e-09,
            "BoundingBox3D Orientation Quat Z": 0.0012678410857915878,
            "BoundingBox3D Origin X": -14.70927619934082,
            "BoundingBox3D Origin Y": -3.989607334136963,
            "BoundingBox3D Origin Z": 1.0710711479187012,
            "ObjectId": 1,
            "ObjectType": "VAN",
            "Occluded": 0,
            "Relative Velocity X": -6.363273620605469,
            "Relative Velocity Y": 0.05458402633666992,
            "Relative Velocity Z": 0.03294336795806885,
            "Truncated": 0
        },
        {
            "ActorName": "CAR 00",
            "BoundingBox3D Extent X": 4.348998546600342,
            "BoundingBox3D Extent Y": 1.8762913942337036,
            "BoundingBox3D Extent Z": 1.5220270156860352,
            "BoundingBox3D Orientation Quat W": 0.9999842643737793,
            "BoundingBox3D Orientation Quat X": 2.122362507961384e-09,
            "BoundingBox3D Orientation Quat Y": -4.093968913876367e-11,
            "BoundingBox3D Orientation Quat Z": 0.005640274845063686,
            "BoundingBox3D Origin X": -28.31264877319336,
            "BoundingBox3D Origin Y": -3.933228015899658,
            "BoundingBox3D Origin Z": 0.8536735773086548,
            "ObjectId": 0,
            "ObjectType": "CAR",
            "Occluded": 0,
            "Relative Velocity X": -6.469686508178711,
            "Relative Velocity Y": 0.031824350357055664,
            "Relative Velocity Z": -0.014507830142974854,
            "Truncated": 0
        },
        {
            "ActorName": "VAN 03",
            "BoundingBox3D Extent X": 6.0255866050720215,
            "BoundingBox3D Extent Y": 2.144935131072998,
            "BoundingBox3D Extent Z": 2.8196897506713867,
            "BoundingBox3D Orientation Quat W": 1,
            "BoundingBox3D Orientation Quat X": 0,
            "BoundingBox3D Orientation Quat Y": 0,
            "BoundingBox3D Orientation Quat Z": 8.14199447631836e-05,
            "BoundingBox3D Origin X": 38.180694580078125,
            "BoundingBox3D Origin Y": -4.55228853225708,
            "BoundingBox3D Origin Z": 1.2598921060562134,
            "ObjectId": 3,
            "ObjectType": "VAN",
            "Occluded": 0,
            "Relative Velocity X": -5.029350280761719,
            "Relative Velocity Y": -0.1887340545654297,
            "Relative Velocity Z": 0.04516708850860596,
            "Truncated": 0
        }
    ],
    "Timestamp": "4835722925000"
}