{
    "CapturedObjects": [
        {
            "ActorName": "CAR 04",
            "BoundingBox3D Extent X": 4.7388153076171875,
            "BoundingBox3D Extent Y": 2.0734503269195557,
            "BoundingBox3D Extent Z": 1.95722234249115,
            "BoundingBox3D Orientation Quat W": 1,
            "BoundingBox3D Orientation Quat X": 0,
            "BoundingBox3D Orientation Quat Y": 0,
            "BoundingBox3D Orientation Quat Z": 0,
            "BoundingBox3D Origin X": 112.41681671142578,
            "BoundingBox3D Origin Y": -6.897747039794922,
            "BoundingBox3D Origin Z": 0.32655301690101624,
            "ObjectId": 4,
            "ObjectType": "CAR",
            "Occluded": 0,
            "Relative Velocity X": -0.9330978393554688,
            "Relative Velocity Y": -0.2734389305114746,
            "Relative Velocity Z": 0,
            "Truncated": 0
        },
        {
            "ActorName": "CAR 06",
            "BoundingBox3D Extent X": 5.29120397567749,
            "BoundingBox3D Extent Y": 2.0086662769317627,
            "BoundingBox3D Extent Z": 1.513735055923462,
            "BoundingBox3D Orientation Quat W": -0.9999898672103882,
            "BoundingBox3D Orientation Quat X": -7.375084098981688e-09,
            "BoundingBox3D Orientation Quat Y": 3.9342939572861724e-08,
            "BoundingBox3D Orientation Quat Z": -0.004512726329267025,
            "BoundingBox3D Origin X": -74.10507202148438,
            "BoundingBox3D Origin Y": -0.3903532028198242,
            "BoundingBox3D Origin Z": 0.7606875896453857,
            "ObjectId": 6,
            "ObjectType": "CAR",
            "Occluded": 0,
            "Relative Velocity X": -2.2974014282226562,
            "Relative Velocity Y": -0.39120006561279297,
            "Relative Velocity Z": -1.7881393432617188e-07,
            "Truncated": 0
        },
        {
            "ActorName": "CAR 07",
            "BoundingBox3D Extent X": 5.167489051818848,
            "BoundingBox3D Extent Y": 2.1132826805114746,
            "BoundingBox3D Extent Z": 1.606276035308838,
            "BoundingBox3D Orientation Quat W": 0.9999985694885254,
            "BoundingBox3D Orientation Quat X": 0,
            "BoundingBox3D Orientation Quat Y": 0,
            "BoundingBox3D Orientation Quat Z": -0.001747680245898664,
            "BoundingBox3D Origin X": -79.64814758300781,
            "BoundingBox3D Origin Y": -4.6926655769348145,
            "BoundingBox3D Origin Z": 0.8260172605514526,
            "ObjectId": 7,
            "ObjectType": "CAR",
            "Occluded": 0,
            "Relative Velocity X": -1.7043838500976562,
            "Relative Velocity Y": 0.1255817413330078,
            "Relative Velocity Z": 5.960464477539063e-08,
            "Truncated": 0
        },
        {
            "ActorName": "CAR 02",
            "BoundingBox3D Extent X": 3.9690420627593994,
            "BoundingBox3D Extent Y": 1.7145068645477295,
            "BoundingBox3D Extent Z": 1.554603934288025,
            "BoundingBox3D Orientation Quat W": 0.9999969005584717,
            "BoundingBox3D Orientation Quat X": -3.6112495216400475e-09,
            "BoundingBox3D Orientation Quat Y": 4.450483592766119e-10,
            "BoundingBox3D Orientation Quat Z": 0.002481999108567834,
            "BoundingBox3D Origin X": 73.00245666503906,
            "BoundingBox3D Origin Y": -5.061166763305664,
            "BoundingBox3D Origin Z": 0.5736766457557678,
            "ObjectId": 2,
            "ObjectType": "CAR",
            "Occluded": 0,
            "Relative Velocity X": 2.972900390625,
            "Relative Velocity Y": 0.1122589111328125,
            "Relative Velocity Z": 0.09390759468078613,
            "Truncated": 0
        },
        {
            "ActorName": "VAN 01",
            "BoundingBox3D Extent X": 5.291935443878174,
            "BoundingBox3D Extent Y": 2.1456520557403564,
            "BoundingBox3D Extent Z": 2.0940957069396973,
            "BoundingBox3D Orientation Quat W": 0.9999991655349731,
            "BoundingBox3D Orientation Quat X": -2.4029733758368366e-09,
            "BoundingBox3D Orientation Quat Y": -4.0175596183189555e-09,
            "BoundingBox3D Orientation Quat Z": 0.0012678410857915878,
            "BoundingBox3D Origin X": -17.691946029663086,
            "BoundingBox3D Origin Y": -3.9544925689697266,
            "BoundingBox3D Origin Z": 1.0755555629730225,
            "ObjectId": 1,
            "ObjectType": "VAN",
            "Occluded": 0,
            "Relative Velocity X": -6.375967979431152,
            "Relative Velocity Y": 0.07538509368896484,
            "Relative Velocity Z": 0.007954597473144531,
            "Truncated": 0
        },
        {
            "ActorName": "CAR 00",
            "BoundingBox3D Extent X": 4.348998546600342,
            "BoundingBox3D Extent Y": 1.8762915134429932,
            "BoundingBox3D Extent Z": 1.5220270156860352,
            "BoundingBox3D Orientation Quat W": 0.999932587146759,
            "BoundingBox3D Orientation Quat X": 1.06122399756714e-09,
            "BoundingBox3D Orientation Quat Y": -2.04706702977564e-11,
            "BoundingBox3D Orientation Quat Z": 0.011619886383414268,
            "BoundingBox3D Origin X": -31.275691986083984,
            "BoundingBox3D Origin Y": -3.9360671043395996,
            "BoundingBox3D Origin Z": 0.8236145973205566,
            "ObjectId": 0,
            "ObjectType": "CAR",
            "Occluded": 0,
            "Relative Velocity X": -6.349552154541016,
            "Relative Velocity Y": -0.0009894371032714844,
            "Relative Velocity Z": -0.06287288665771484,
            "Truncated": 0
        },
        {
            "ActorName": "VAN 03",
            "BoundingBox3D Extent X": 6.0255866050720215,
            "BoundingBox3D Extent Y": 2.144935131072998,
            "BoundingBox3D Extent Z": 2.8196897506713867,
            "BoundingBox3D Orientation Quat W": 1,
            "BoundingBox3D Orientation Quat X": 0,
            "BoundingBox3D Orientation Quat Y": 0,
            "BoundingBox3D Orientation Quat Z": 8.14199447631836e-05,
            "BoundingBox3D Origin X": 35.859493255615234,
            "BoundingBox3D Origin Y": -4.6222310066223145,
            "BoundingBox3D Origin Z": 1.3020482063293457,
            "ObjectId": 3,
            "ObjectType": "VAN",
            "Occluded": 0,
            "Relative Velocity X": -4.977680206298828,
            "Relative Velocity Y": -0.1524667739868164,
            "Relative Velocity Z": 0.08732330799102783,
            "Truncated": 0
        }
    ],
    "Timestamp": "4836189599000"
}