{
    "CapturedObjects": [
        {
            "ActorName": "CAR 04",
            "BoundingBox3D Extent X": 4.7388153076171875,
            "BoundingBox3D Extent Y": 2.0734503269195557,
            "BoundingBox3D Extent Z": 1.9572222232818604,
            "BoundingBox3D Orientation Quat W": 1,
            "BoundingBox3D Orientation Quat X": 0,
            "BoundingBox3D Orientation Quat Y": 0,
            "BoundingBox3D Orientation Quat Z": 0,
            "BoundingBox3D Origin X": 116.04545593261719,
            "BoundingBox3D Origin Y": -5.534276962280273,
            "BoundingBox3D Origin Z": 0.46500876545906067,
            "ObjectId": 4,
            "ObjectType": "CAR",
            "Occluded": 0,
            "Relative Velocity X": -1.4805755615234375,
            "Relative Velocity Y": -0.495513916015625,
            "Relative Velocity Z": -0.0011331737041473389,
            "Truncated": 0
        },
        {
            "ActorName": "TRUCK 05",
            "BoundingBox3D Extent X": 16.6685791015625,
            "BoundingBox3D Extent Y": 2.8649961948394775,
            "BoundingBox3D Extent Z": 3.925795555114746,
            "BoundingBox3D Orientation Quat W": 0.9999958872795105,
            "BoundingBox3D Orientation Quat X": -1.375320302088312e-08,
            "BoundingBox3D Orientation Quat Y": 6.187477197272528e-07,
            "BoundingBox3D Orientation Quat Z": 0.0028963731601834297,
            "BoundingBox3D Origin X": -93.45917510986328,
            "BoundingBox3D Origin Y": -3.0354223251342773,
            "BoundingBox3D Origin Z": 2.0932846069335938,
            "ObjectId": 5,
            "ObjectType": "TRUCK",
            "Occluded": 0,
            "Relative Velocity X": -5.981681823730469,
            "Relative Velocity Y": -0.18886470794677734,
            "Relative Velocity Z": 0.029273271560668945,
            "Truncated": 0
        },
        {
            "ActorName": "CAR 06",
            "BoundingBox3D Extent X": 5.29120397567749,
            "BoundingBox3D Extent Y": 2.0086662769317627,
            "BoundingBox3D Extent Z": 1.513735055923462,
            "BoundingBox3D Orientation Quat W": 0.9999983906745911,
            "BoundingBox3D Orientation Quat X": -2.017925559982814e-08,
            "BoundingBox3D Orientation Quat Y": 1.5623779603402e-08,
            "BoundingBox3D Orientation Quat Z": 0.0018423388246446848,
            "BoundingBox3D Origin X": -68.4190444946289,
            "BoundingBox3D Origin Y": 0.13507260382175446,
            "BoundingBox3D Origin Z": 0.7606877684593201,
            "ObjectId": 6,
            "ObjectType": "CAR",
            "Occluded": 0,
            "Relative Velocity X": -1.9112930297851562,
            "Relative Velocity Y": -0.10448677837848663,
            "Relative Velocity Z": -5.960464477539063e-08,
            "Truncated": 0
        },
        {
            "ActorName": "CAR 07",
            "BoundingBox3D Extent X": 5.167489051818848,
            "BoundingBox3D Extent Y": 2.1132826805114746,
            "BoundingBox3D Extent Z": 1.606276035308838,
            "BoundingBox3D Orientation Quat W": 0.9999985694885254,
            "BoundingBox3D Orientation Quat X": 0,
            "BoundingBox3D Orientation Quat Y": 0,
            "BoundingBox3D Orientation Quat Z": -0.001747680245898664,
            "BoundingBox3D Origin X": -74.10934448242188,
            "BoundingBox3D Origin Y": -6.03032112121582,
            "BoundingBox3D Origin Z": 0.8355107307434082,
            "ObjectId": 7,
            "ObjectType": "CAR",
            "Occluded": 0,
            "Relative Velocity X": -1.8799057006835938,
            "Relative Velocity Y": 0.615046501159668,
            "Relative Velocity Z": -0.033226191997528076,
            "Truncated": 0
        },
        {
            "ActorName": "CAR 02",
            "BoundingBox3D Extent X": 3.9690423011779785,
            "BoundingBox3D Extent Y": 1.7145068645477295,
            "BoundingBox3D Extent Z": 1.554603934288025,
            "BoundingBox3D Orientation Quat W": 0.9998214244842529,
            "BoundingBox3D Orientation Quat X": -1.1732966820332535e-09,
            "BoundingBox3D Orientation Quat Y": 6.380786177206943e-11,
            "BoundingBox3D Orientation Quat Z": 0.01889440044760704,
            "BoundingBox3D Origin X": 63.50857925415039,
            "BoundingBox3D Origin Y": -6.708920955657959,
            "BoundingBox3D Origin Z": 0.5783282518386841,
            "ObjectId": 2,
            "ObjectType": "CAR",
            "Occluded": 0,
            "Relative Velocity X": 3.5024757385253906,
            "Relative Velocity Y": 1.1541008949279785,
            "Relative Velocity Z": -0.011582911014556885,
            "Truncated": 0
        },
        {
            "ActorName": "VAN 01",
            "BoundingBox3D Extent X": 5.291935443878174,
            "BoundingBox3D Extent Y": 2.1456520557403564,
            "BoundingBox3D Extent Z": 2.0940957069396973,
            "BoundingBox3D Orientation Quat W": 0.9999991655349731,
            "BoundingBox3D Orientation Quat X": -2.4029733758368366e-09,
            "BoundingBox3D Orientation Quat Y": -4.0175596183189555e-09,
            "BoundingBox3D Orientation Quat Z": 0.0012678410857915878,
            "BoundingBox3D Origin X": -0.3497994542121887,
            "BoundingBox3D Origin Y": -4.053272247314453,
            "BoundingBox3D Origin Z": 1.0501093864440918,
            "ObjectId": 1,
            "ObjectType": "VAN",
            "Occluded": 0,
            "Relative Velocity X": -6.2104716300964355,
            "Relative Velocity Y": 0.0520319938659668,
            "Relative Velocity Z": 0.0009465217590332031,
            "Truncated": 0
        },
        {
            "ActorName": "CAR 00",
            "BoundingBox3D Extent X": 4.348998546600342,
            "BoundingBox3D Extent Y": 1.8762915134429932,
            "BoundingBox3D Extent Z": 1.5220270156860352,
            "BoundingBox3D Orientation Quat W": 0.9998084902763367,
            "BoundingBox3D Orientation Quat X": 3.209748022925396e-10,
            "BoundingBox3D Orientation Quat Y": -5.982107698088157e-09,
            "BoundingBox3D Orientation Quat Z": 0.01957038976252079,
            "BoundingBox3D Origin X": -13.626953125,
            "BoundingBox3D Origin Y": -4.609762191772461,
            "BoundingBox3D Origin Z": 0.785689115524292,
            "ObjectId": 0,
            "ObjectType": "CAR",
            "Occluded": 0,
            "Relative Velocity X": -6.429172515869141,
            "Relative Velocity Y": 0.8044395446777344,
            "Relative Velocity Z": 0.007530808448791504,
            "Truncated": 0
        },
        {
            "ActorName": "VAN 03",
            "BoundingBox3D Extent X": 6.0255866050720215,
            "BoundingBox3D Extent Y": 2.144935131072998,
            "BoundingBox3D Extent Z": 2.8196897506713867,
            "BoundingBox3D Orientation Quat W": 0.9999983310699463,
            "BoundingBox3D Orientation Quat X": 0,
            "BoundingBox3D Orientation Quat Y": 0,
            "BoundingBox3D Orientation Quat Z": 0.0018374915234744549,
            "BoundingBox3D Origin X": 49.60874938964844,
            "BoundingBox3D Origin Y": -4.187082290649414,
            "BoundingBox3D Origin Z": 1.278972864151001,
            "ObjectId": 3,
            "ObjectType": "VAN",
            "Occluded": 0,
            "Relative Velocity X": -4.973247528076172,
            "Relative Velocity Y": -0.11925315856933594,
            "Relative Velocity Z": -0.03683626651763916,
            "Truncated": 0
        }
    ],
    "Timestamp": "4833456240000"
}