{
    "CapturedObjects": [
        {
            "ActorName": "CAR 04",
            "BoundingBox3D Extent X": 4.7388153076171875,
            "BoundingBox3D Extent Y": 2.0734503269195557,
            "BoundingBox3D Extent Z": 1.9572224617004395,
            "BoundingBox3D Orientation Quat W": 1,
            "BoundingBox3D Orientation Quat X": 0,
            "BoundingBox3D Orientation Quat Y": 0,
            "BoundingBox3D Orientation Quat Z": 0,
            "BoundingBox3D Origin X": 114.84578704833984,
            "BoundingBox3D Origin Y": -5.999212265014648,
            "BoundingBox3D Origin Z": 0.3966740071773529,
            "ObjectId": 4,
            "ObjectType": "CAR",
            "Occluded": 0,
            "Relative Velocity X": -1.5069046020507812,
            "Relative Velocity Y": -0.6412582397460938,
            "Relative Velocity Z": -0.14524975419044495,
            "Truncated": 0
        },
        {
            "ActorName": "TRUCK 05",
            "BoundingBox3D Extent X": 16.6685791015625,
            "BoundingBox3D Extent Y": 2.8649961948394775,
            "BoundingBox3D Extent Z": 3.925795555114746,
            "BoundingBox3D Orientation Quat W": 0.999994695186615,
            "BoundingBox3D Orientation Quat X": -6.092077509123328e-09,
            "BoundingBox3D Orientation Quat Y": 3.743999457128666e-07,
            "BoundingBox3D Orientation Quat Z": -0.0032723217736929655,
            "BoundingBox3D Origin X": -98.31135559082031,
            "BoundingBox3D Origin Y": -3.0814943313598633,
            "BoundingBox3D Origin Z": 2.064014434814453,
            "ObjectId": 5,
            "ObjectType": "TRUCK",
            "Occluded": 0,
            "Relative Velocity X": -6.120269775390625,
            "Relative Velocity Y": -0.013385534286499023,
            "Relative Velocity Z": -0.0514066219329834,
            "Truncated": 0
        },
        {
            "ActorName": "CAR 06",
            "BoundingBox3D Extent X": 5.29120397567749,
            "BoundingBox3D Extent Y": 2.0086662769317627,
            "BoundingBox3D Extent Z": 1.513735055923462,
            "BoundingBox3D Orientation Quat W": 0.9999879598617554,
            "BoundingBox3D Orientation Quat X": -8.349266167329006e-09,
            "BoundingBox3D Orientation Quat Y": 6.520862960712748e-09,
            "BoundingBox3D Orientation Quat Z": -0.0049080015160143375,
            "BoundingBox3D Origin X": -70.00755310058594,
            "BoundingBox3D Origin Y": 0.10322227329015732,
            "BoundingBox3D Origin Z": 0.7606877684593201,
            "ObjectId": 6,
            "ObjectType": "CAR",
            "Occluded": 0,
            "Relative Velocity X": -2.0309295654296875,
            "Relative Velocity Y": -0.031154587864875793,
            "Relative Velocity Z": 0,
            "Truncated": 0
        },
        {
            "ActorName": "CAR 07",
            "BoundingBox3D Extent X": 5.167489051818848,
            "BoundingBox3D Extent Y": 2.1132826805114746,
            "BoundingBox3D Extent Z": 1.606276035308838,
            "BoundingBox3D Orientation Quat W": 0.9999985694885254,
            "BoundingBox3D Orientation Quat X": 0,
            "BoundingBox3D Orientation Quat Y": 0,
            "BoundingBox3D Orientation Quat Z": -0.001747680245898664,
            "BoundingBox3D Origin X": -75.8517074584961,
            "BoundingBox3D Origin Y": -5.50060510635376,
            "BoundingBox3D Origin Z": 0.8260172605514526,
            "ObjectId": 7,
            "ObjectType": "CAR",
            "Occluded": 0,
            "Relative Velocity X": -2.3045272827148438,
            "Relative Velocity Y": 0.6661043167114258,
            "Relative Velocity Z": 0,
            "Truncated": 0
        },
        {
            "ActorName": "CAR 02",
            "BoundingBox3D Extent X": 3.9690418243408203,
            "BoundingBox3D Extent Y": 1.7145068645477295,
            "BoundingBox3D Extent Z": 1.554603934288025,
            "BoundingBox3D Orientation Quat W": 0.99970942735672,
            "BoundingBox3D Orientation Quat X": -4.3228315371734993e-10,
            "BoundingBox3D Orientation Quat Y": 2.3509026322865445e-11,
            "BoundingBox3D Orientation Quat Z": 0.02410653419792652,
            "BoundingBox3D Origin X": 66.31047058105469,
            "BoundingBox3D Origin Y": -5.78566837310791,
            "BoundingBox3D Origin Z": 0.5690622329711914,
            "ObjectId": 2,
            "ObjectType": "CAR",
            "Occluded": 0,
            "Relative Velocity X": 3.5084381103515625,
            "Relative Velocity Y": 1.1200995445251465,
            "Relative Velocity Z": -0.012393057346343994,
            "Truncated": 0
        },
        {
            "ActorName": "VAN 01",
            "BoundingBox3D Extent X": 5.291935443878174,
            "BoundingBox3D Extent Y": 2.1456520557403564,
            "BoundingBox3D Extent Z": 2.0940957069396973,
            "BoundingBox3D Orientation Quat W": 0.9999991655349731,
            "BoundingBox3D Orientation Quat X": -2.4029733758368366e-09,
            "BoundingBox3D Orientation Quat Y": -4.0175596183189555e-09,
            "BoundingBox3D Orientation Quat Z": 0.0012678410857915878,
            "BoundingBox3D Origin X": -5.4049072265625,
            "BoundingBox3D Origin Y": -4.02928352355957,
            "BoundingBox3D Origin Z": 1.0259642601013184,
            "ObjectId": 1,
            "ObjectType": "VAN",
            "Occluded": 0,
            "Relative Velocity X": -6.374131202697754,
            "Relative Velocity Y": 0.018720626831054688,
            "Relative Velocity Z": -0.0363842248916626,
            "Truncated": 0
        },
        {
            "ActorName": "CAR 00",
            "BoundingBox3D Extent X": 4.348998546600342,
            "BoundingBox3D Extent Y": 1.8762915134429932,
            "BoundingBox3D Extent Z": 1.5220270156860352,
            "BoundingBox3D Orientation Quat W": 0.9999583959579468,
            "BoundingBox3D Orientation Quat X": -9.661454969389638e-10,
            "BoundingBox3D Orientation Quat Y": 6.353032766526212e-09,
            "BoundingBox3D Orientation Quat Z": 0.009120983071625233,
            "BoundingBox3D Origin X": -18.725406646728516,
            "BoundingBox3D Origin Y": -4.174217224121094,
            "BoundingBox3D Origin Z": 0.7987390756607056,
            "ObjectId": 0,
            "ObjectType": "CAR",
            "Occluded": 0,
            "Relative Velocity X": -6.3706865310668945,
            "Relative Velocity Y": 0.3681344985961914,
            "Relative Velocity Z": 0.02414834499359131,
            "Truncated": 0
        },
        {
            "ActorName": "VAN 03",
            "BoundingBox3D Extent X": 6.0255866050720215,
            "BoundingBox3D Extent Y": 2.144935131072998,
            "BoundingBox3D Extent Z": 2.8196897506713867,
            "BoundingBox3D Orientation Quat W": 0.9999995231628418,
            "BoundingBox3D Orientation Quat X": 0,
            "BoundingBox3D Orientation Quat Y": 0,
            "BoundingBox3D Orientation Quat Z": -0.0008906412986107171,
            "BoundingBox3D Origin X": 45.60862350463867,
            "BoundingBox3D Origin Y": -4.275869846343994,
            "BoundingBox3D Origin Z": 1.2630759477615356,
            "ObjectId": 3,
            "ObjectType": "VAN",
            "Occluded": 0,
            "Relative Velocity X": -5.023246765136719,
            "Relative Velocity Y": -0.10872793197631836,
            "Relative Velocity Z": -0.006595015525817871,
            "Truncated": 0
        }
    ],
    "Timestamp": "4834256253000"
}