{
    "CapturedObjects": [
        {
            "ActorName": "CAR 04",
            "BoundingBox3D Extent X": 4.7388153076171875,
            "BoundingBox3D Extent Y": 2.0734503269195557,
            "BoundingBox3D Extent Z": 1.95722234249115,
            "BoundingBox3D Orientation Quat W": 1,
            "BoundingBox3D Orientation Quat X": 0,
            "BoundingBox3D Orientation Quat Y": 0,
            "BoundingBox3D Orientation Quat Z": 0,
            "BoundingBox3D Origin X": 115.24958801269531,
            "BoundingBox3D Origin Y": -5.826655387878418,
            "BoundingBox3D Origin Z": 0.43674272298812866,
            "ObjectId": 4,
            "ObjectType": "CAR",
            "Occluded": 0,
            "Relative Velocity X": -1.5040206909179688,
            "Relative Velocity Y": -0.6009550094604492,
            "Relative Velocity Z": -0.10486891865730286,
            "Truncated": 0
        },
        {
            "ActorName": "TRUCK 05",
            "BoundingBox3D Extent X": 16.6685791015625,
            "BoundingBox3D Extent Y": 2.8649961948394775,
            "BoundingBox3D Extent Z": 3.925795555114746,
            "BoundingBox3D Orientation Quat W": 1,
            "BoundingBox3D Orientation Quat X": -1.1132181398920693e-08,
            "BoundingBox3D Orientation Quat Y": 5.433594765236194e-07,
            "BoundingBox3D Orientation Quat Z": -0.0002379648358328268,
            "BoundingBox3D Origin X": -96.68150329589844,
            "BoundingBox3D Origin Y": -3.0855863094329834,
            "BoundingBox3D Origin Z": 2.0835297107696533,
            "ObjectId": 5,
            "ObjectType": "TRUCK",
            "Occluded": 0,
            "Relative Velocity X": -6.0809173583984375,
            "Relative Velocity Y": -0.03328561782836914,
            "Relative Velocity Z": -0.04878377914428711,
            "Truncated": 0
        },
        {
            "ActorName": "CAR 06",
            "BoundingBox3D Extent X": 5.291203498840332,
            "BoundingBox3D Extent Y": 2.0086662769317627,
            "BoundingBox3D Extent Z": 1.513735055923462,
            "BoundingBox3D Orientation Quat W": 0.999999463558197,
            "BoundingBox3D Orientation Quat X": -1.4296931638568822e-08,
            "BoundingBox3D Orientation Quat Y": 1.1144874356716628e-08,
            "BoundingBox3D Orientation Quat Z": -0.0010448258835822344,
            "BoundingBox3D Origin X": -69.46700286865234,
            "BoundingBox3D Origin Y": 0.10425730049610138,
            "BoundingBox3D Origin Z": 0.7606877684593201,
            "ObjectId": 6,
            "ObjectType": "CAR",
            "Occluded": 0,
            "Relative Velocity X": -1.9994735717773438,
            "Relative Velocity Y": -0.027839653193950653,
            "Relative Velocity Z": 5.960464477539063e-08,
            "Truncated": 0
        },
        {
            "ActorName": "CAR 07",
            "BoundingBox3D Extent X": 5.167489051818848,
            "BoundingBox3D Extent Y": 2.1132826805114746,
            "BoundingBox3D Extent Z": 1.606276035308838,
            "BoundingBox3D Orientation Quat W": 0.9999985694885254,
            "BoundingBox3D Orientation Quat X": 0,
            "BoundingBox3D Orientation Quat Y": 0,
            "BoundingBox3D Orientation Quat Z": -0.001747680245898664,
            "BoundingBox3D Origin X": -75.22673034667969,
            "BoundingBox3D Origin Y": -5.684164047241211,
            "BoundingBox3D Origin Z": 0.8260172605514526,
            "ObjectId": 7,
            "ObjectType": "CAR",
            "Occluded": 0,
            "Relative Velocity X": -2.23321533203125,
            "Relative Velocity Y": 0.6708908081054688,
            "Relative Velocity Z": -0.007912516593933105,
            "Truncated": 0
        },
        {
            "ActorName": "CAR 02",
            "BoundingBox3D Extent X": 3.9690420627593994,
            "BoundingBox3D Extent Y": 1.7145068645477295,
            "BoundingBox3D Extent Z": 1.5546038150787354,
            "BoundingBox3D Orientation Quat W": 0.9997497200965881,
            "BoundingBox3D Orientation Quat X": -6.792979512226793e-10,
            "BoundingBox3D Orientation Quat Y": 3.6942532366524006e-11,
            "BoundingBox3D Orientation Quat Z": 0.02236916683614254,
            "BoundingBox3D Origin X": 65.37647247314453,
            "BoundingBox3D Origin Y": -6.093429088592529,
            "BoundingBox3D Origin Z": 0.5721510052680969,
            "ObjectId": 2,
            "ObjectType": "CAR",
            "Occluded": 0,
            "Relative Velocity X": 3.5024757385253906,
            "Relative Velocity Y": 1.1541013717651367,
            "Relative Velocity Z": -0.011582911014556885,
            "Truncated": 0
        },
        {
            "ActorName": "VAN 01",
            "BoundingBox3D Extent X": 5.291935443878174,
            "BoundingBox3D Extent Y": 2.1456518173217773,
            "BoundingBox3D Extent Z": 2.0940957069396973,
            "BoundingBox3D Orientation Quat W": 0.9999991655349731,
            "BoundingBox3D Orientation Quat X": -2.4029733758368366e-09,
            "BoundingBox3D Orientation Quat Y": -4.0175596183189555e-09,
            "BoundingBox3D Orientation Quat Z": 0.0012678410857915878,
            "BoundingBox3D Origin X": -3.7037243843078613,
            "BoundingBox3D Origin Y": -4.034013748168945,
            "BoundingBox3D Origin Z": 1.0386250019073486,
            "ObjectId": 1,
            "ObjectType": "VAN",
            "Occluded": 0,
            "Relative Velocity X": -6.3391923904418945,
            "Relative Velocity Y": 0.02590465545654297,
            "Relative Velocity Z": -0.035945892333984375,
            "Truncated": 0
        },
        {
            "ActorName": "CAR 00",
            "BoundingBox3D Extent X": 4.348998069763184,
            "BoundingBox3D Extent Y": 1.8762915134429932,
            "BoundingBox3D Extent Z": 1.5220270156860352,
            "BoundingBox3D Orientation Quat W": 0.9999169111251831,
            "BoundingBox3D Orientation Quat X": -5.367271072032054e-10,
            "BoundingBox3D Orientation Quat Y": 3.5293283850990065e-09,
            "BoundingBox3D Orientation Quat Z": 0.012889481149613857,
            "BoundingBox3D Origin X": -17.034149169921875,
            "BoundingBox3D Origin Y": -4.280882835388184,
            "BoundingBox3D Origin Z": 0.7930877208709717,
            "ObjectId": 0,
            "ObjectType": "CAR",
            "Occluded": 0,
            "Relative Velocity X": -6.362912178039551,
            "Relative Velocity Y": 0.4963092803955078,
            "Relative Velocity Z": 0.017939090728759766,
            "Truncated": 0
        },
        {
            "ActorName": "VAN 03",
            "BoundingBox3D Extent X": 6.025586128234863,
            "BoundingBox3D Extent Y": 2.144935131072998,
            "BoundingBox3D Extent Z": 2.8196897506713867,
            "BoundingBox3D Orientation Quat W": 0.9999988675117493,
            "BoundingBox3D Orientation Quat X": 0,
            "BoundingBox3D Orientation Quat Y": 0,
            "BoundingBox3D Orientation Quat Z": -0.0014460989041253924,
            "BoundingBox3D Origin X": 46.94758987426758,
            "BoundingBox3D Origin Y": -4.2479681968688965,
            "BoundingBox3D Origin Z": 1.2648952007293701,
            "ObjectId": 3,
            "ObjectType": "VAN",
            "Occluded": 0,
            "Relative Velocity X": -5.006549835205078,
            "Relative Velocity Y": -0.10908079147338867,
            "Relative Velocity Z": -0.01595771312713623,
            "Truncated": 0
        }
    ],
    "Timestamp": "4833989575000"
}