{
    "CapturedObjects": [
        {
            "ActorName": "CAR 04",
            "BoundingBox3D Extent X": 4.7388153076171875,
            "BoundingBox3D Extent Y": 2.0734503269195557,
            "BoundingBox3D Extent Z": 1.95722234249115,
            "BoundingBox3D Orientation Quat W": 1,
            "BoundingBox3D Orientation Quat X": 0,
            "BoundingBox3D Orientation Quat Y": 0,
            "BoundingBox3D Orientation Quat Z": 0,
            "BoundingBox3D Origin X": 112.35543823242188,
            "BoundingBox3D Origin Y": -6.915517807006836,
            "BoundingBox3D Origin Z": 0.32655301690101624,
            "ObjectId": 4,
            "ObjectType": "CAR",
            "Occluded": 0,
            "Relative Velocity X": -0.911468505859375,
            "Relative Velocity Y": -0.26242971420288086,
            "Relative Velocity Z": 0,
            "Truncated": 0
        },
        {
            "ActorName": "CAR 06",
            "BoundingBox3D Extent X": 5.29120397567749,
            "BoundingBox3D Extent Y": 2.0086662769317627,
            "BoundingBox3D Extent Z": 1.513735055923462,
            "BoundingBox3D Orientation Quat W": -0.9999898672103882,
            "BoundingBox3D Orientation Quat X": -7.375084098981688e-09,
            "BoundingBox3D Orientation Quat Y": 3.9342939572861724e-08,
            "BoundingBox3D Orientation Quat Z": -0.004512726329267025,
            "BoundingBox3D Origin X": -74.25764465332031,
            "BoundingBox3D Origin Y": -0.4172768294811249,
            "BoundingBox3D Origin Z": 0.760687530040741,
            "ObjectId": 6,
            "ObjectType": "CAR",
            "Occluded": 0,
            "Relative Velocity X": -2.3144912719726562,
            "Relative Velocity Y": -0.3658078610897064,
            "Relative Velocity Z": -1.7881393432617188e-07,
            "Truncated": 0
        },
        {
            "ActorName": "CAR 07",
            "BoundingBox3D Extent X": 5.167489051818848,
            "BoundingBox3D Extent Y": 2.1132826805114746,
            "BoundingBox3D Extent Z": 1.606276035308838,
            "BoundingBox3D Orientation Quat W": 0.9999985694885254,
            "BoundingBox3D Orientation Quat X": 0,
            "BoundingBox3D Orientation Quat Y": 0,
            "BoundingBox3D Orientation Quat Z": -0.001747680245898664,
            "BoundingBox3D Origin X": -79.76145935058594,
            "BoundingBox3D Origin Y": -4.684332847595215,
            "BoundingBox3D Origin Z": 0.8260172605514526,
            "ObjectId": 7,
            "ObjectType": "CAR",
            "Occluded": 0,
            "Relative Velocity X": -1.7134170532226562,
            "Relative Velocity Y": 0.12673044204711914,
            "Relative Velocity Z": 0,
            "Truncated": 0
        },
        {
            "ActorName": "CAR 02",
            "BoundingBox3D Extent X": 3.9690418243408203,
            "BoundingBox3D Extent Y": 1.7145068645477295,
            "BoundingBox3D Extent Z": 1.554603934288025,
            "BoundingBox3D Orientation Quat W": 0.9999937415122986,
            "BoundingBox3D Orientation Quat X": -3.456066544060832e-09,
            "BoundingBox3D Orientation Quat Y": 3.8628863996414964e-10,
            "BoundingBox3D Orientation Quat Z": 0.003520786529406905,
            "BoundingBox3D Origin X": 73.19900512695312,
            "BoundingBox3D Origin Y": -5.053732872009277,
            "BoundingBox3D Origin Z": 0.5802350044250488,
            "ObjectId": 2,
            "ObjectType": "CAR",
            "Occluded": 0,
            "Relative Velocity X": 2.9269866943359375,
            "Relative Velocity Y": 0.09666204452514648,
            "Relative Velocity Z": 0.0959780216217041,
            "Truncated": 0
        },
        {
            "ActorName": "VAN 01",
            "BoundingBox3D Extent X": 5.291935443878174,
            "BoundingBox3D Extent Y": 2.1456520557403564,
            "BoundingBox3D Extent Z": 2.0940957069396973,
            "BoundingBox3D Orientation Quat W": 0.9999991655349731,
            "BoundingBox3D Orientation Quat X": -2.4029733758368366e-09,
            "BoundingBox3D Orientation Quat Y": -4.0175596183189555e-09,
            "BoundingBox3D Orientation Quat Z": 0.0012678410857915878,
            "BoundingBox3D Origin X": -18.118003845214844,
            "BoundingBox3D Origin Y": -3.949476718902588,
            "BoundingBox3D Origin Z": 1.0761961936950684,
            "ObjectId": 1,
            "ObjectType": "VAN",
            "Occluded": 0,
            "Relative Velocity X": -6.345046043395996,
            "Relative Velocity Y": 0.07566332817077637,
            "Relative Velocity Z": 0.004642963409423828,
            "Truncated": 0
        },
        {
            "ActorName": "CAR 00",
            "BoundingBox3D Extent X": 4.348998546600342,
            "BoundingBox3D Extent Y": 1.8762915134429932,
            "BoundingBox3D Extent Z": 1.5220270156860352,
            "BoundingBox3D Orientation Quat W": 0.9999222159385681,
            "BoundingBox3D Orientation Quat X": 9.096421949017497e-10,
            "BoundingBox3D Orientation Quat Y": -1.7546705408100216e-11,
            "BoundingBox3D Orientation Quat Z": 0.01247401162981987,
            "BoundingBox3D Origin X": -31.69894790649414,
            "BoundingBox3D Origin Y": -3.9364728927612305,
            "BoundingBox3D Origin Z": 0.8193209171295166,
            "ObjectId": 0,
            "ObjectType": "CAR",
            "Occluded": 0,
            "Relative Velocity X": -6.349935531616211,
            "Relative Velocity Y": 0.009206056594848633,
            "Relative Velocity Z": -0.05979323387145996,
            "Truncated": 0
        },
        {
            "ActorName": "VAN 03",
            "BoundingBox3D Extent X": 6.0255866050720215,
            "BoundingBox3D Extent Y": 2.144935131072998,
            "BoundingBox3D Extent Z": 2.8196897506713867,
            "BoundingBox3D Orientation Quat W": 1,
            "BoundingBox3D Orientation Quat X": 0,
            "BoundingBox3D Orientation Quat Y": 0,
            "BoundingBox3D Orientation Quat Z": 8.14199447631836e-05,
            "BoundingBox3D Origin X": 35.527923583984375,
            "BoundingBox3D Origin Y": -4.6322221755981445,
            "BoundingBox3D Origin Z": 1.3080699443817139,
            "ObjectId": 3,
            "ObjectType": "VAN",
            "Occluded": 0,
            "Relative Velocity X": -4.9747314453125,
            "Relative Velocity Y": -0.14938068389892578,
            "Relative Velocity Z": 0.0877004861831665,
            "Truncated": 0
        }
    ],
    "Timestamp": "4836256251000"
}