{
    "CapturedObjects": [
        {
            "ActorName": "CAR 04",
            "BoundingBox3D Extent X": 4.7388153076171875,
            "BoundingBox3D Extent Y": 2.0734503269195557,
            "BoundingBox3D Extent Z": 1.95722234249115,
            "BoundingBox3D Orientation Quat W": 1,
            "BoundingBox3D Orientation Quat X": 0,
            "BoundingBox3D Orientation Quat Y": 0,
            "BoundingBox3D Orientation Quat Z": 0,
            "BoundingBox3D Origin X": 113.62205505371094,
            "BoundingBox3D Origin Y": -6.490048408508301,
            "BoundingBox3D Origin Z": 0.32655298709869385,
            "ObjectId": 4,
            "ObjectType": "CAR",
            "Occluded": 0,
            "Relative Velocity X": -1.3147964477539062,
            "Relative Velocity Y": -0.48964405059814453,
            "Relative Velocity Z": -0.015026360750198364,
            "Truncated": 0
        },
        {
            "ActorName": "TRUCK 05",
            "BoundingBox3D Extent X": 16.6685791015625,
            "BoundingBox3D Extent Y": 2.8649964332580566,
            "BoundingBox3D Extent Z": 3.925795555114746,
            "BoundingBox3D Orientation Quat W": 0.999972403049469,
            "BoundingBox3D Orientation Quat X": 2.095448703443026e-09,
            "BoundingBox3D Orientation Quat Y": 3.620094162215537e-07,
            "BoundingBox3D Orientation Quat Z": -0.007449609227478504,
            "BoundingBox3D Origin X": -103.64729309082031,
            "BoundingBox3D Origin Y": -3.2022719383239746,
            "BoundingBox3D Origin Z": 2.102213144302368,
            "ObjectId": 5,
            "ObjectType": "TRUCK",
            "Occluded": 0,
            "Relative Velocity X": -6.1925506591796875,
            "Relative Velocity Y": -0.26238417625427246,
            "Relative Velocity Z": 0.13732385635375977,
            "Truncated": 0
        },
        {
            "ActorName": "CAR 06",
            "BoundingBox3D Extent X": 5.291204452514648,
            "BoundingBox3D Extent Y": 2.0086662769317627,
            "BoundingBox3D Extent Z": 1.513735055923462,
            "BoundingBox3D Orientation Quat W": 0.9999934434890747,
            "BoundingBox3D Orientation Quat X": 3.747107069074218e-09,
            "BoundingBox3D Orientation Quat Y": -1.858205678217928e-08,
            "BoundingBox3D Orientation Quat Z": -0.003602225100621581,
            "BoundingBox3D Origin X": -71.7824935913086,
            "BoundingBox3D Origin Y": -0.02741696685552597,
            "BoundingBox3D Origin Z": 0.7606877088546753,
            "ObjectId": 6,
            "ObjectType": "CAR",
            "Occluded": 0,
            "Relative Velocity X": -2.0646743774414062,
            "Relative Velocity Y": -0.2675228714942932,
            "Relative Velocity Z": -1.1920928955078125e-07,
            "Truncated": 0
        },
        {
            "ActorName": "CAR 07",
            "BoundingBox3D Extent X": 5.167489051818848,
            "BoundingBox3D Extent Y": 2.1132826805114746,
            "BoundingBox3D Extent Z": 1.606276035308838,
            "BoundingBox3D Orientation Quat W": 0.9999985694885254,
            "BoundingBox3D Orientation Quat X": 0,
            "BoundingBox3D Orientation Quat Y": 0,
            "BoundingBox3D Orientation Quat Z": -0.001747680245898664,
            "BoundingBox3D Origin X": -77.70028686523438,
            "BoundingBox3D Origin Y": -5.007833003997803,
            "BoundingBox3D Origin Z": 0.8260172605514526,
            "ObjectId": 7,
            "ObjectType": "CAR",
            "Occluded": 0,
            "Relative Velocity X": -1.9654159545898438,
            "Relative Velocity Y": 0.4733414649963379,
            "Relative Velocity Z": 0,
            "Truncated": 0
        },
        {
            "ActorName": "CAR 02",
            "BoundingBox3D Extent X": 3.9690418243408203,
            "BoundingBox3D Extent Y": 1.7145068645477295,
            "BoundingBox3D Extent Z": 1.5546038150787354,
            "BoundingBox3D Orientation Quat W": 0.9998966455459595,
            "BoundingBox3D Orientation Quat X": -1.879252531367115e-09,
            "BoundingBox3D Orientation Quat Y": 3.4259980963291525e-10,
            "BoundingBox3D Orientation Quat Z": 0.014373625628650188,
            "BoundingBox3D Origin X": 69.41757202148438,
            "BoundingBox3D Origin Y": -5.1935319900512695,
            "BoundingBox3D Origin Z": 0.549299955368042,
            "ObjectId": 2,
            "ObjectType": "CAR",
            "Occluded": 0,
            "Relative Velocity X": 3.6636199951171875,
            "Relative Velocity Y": 0.2359018325805664,
            "Relative Velocity Z": -0.03346145153045654,
            "Truncated": 0
        },
        {
            "ActorName": "VAN 01",
            "BoundingBox3D Extent X": 5.291935443878174,
            "BoundingBox3D Extent Y": 2.1456522941589355,
            "BoundingBox3D Extent Z": 2.0940957069396973,
            "BoundingBox3D Orientation Quat W": 0.9999991655349731,
            "BoundingBox3D Orientation Quat X": -2.4029733758368366e-09,
            "BoundingBox3D Orientation Quat Y": -4.0175596183189555e-09,
            "BoundingBox3D Orientation Quat Z": 0.0012678410857915878,
            "BoundingBox3D Origin X": -10.909039497375488,
            "BoundingBox3D Origin Y": -4.00932502746582,
            "BoundingBox3D Origin Z": 1.0365865230560303,
            "ObjectId": 1,
            "ObjectType": "VAN",
            "Occluded": 0,
            "Relative Velocity X": -6.328235149383545,
            "Relative Velocity Y": 0.0272369384765625,
            "Relative Velocity Z": 0.05975949764251709,
            "Truncated": 0
        },
        {
            "ActorName": "CAR 00",
            "BoundingBox3D Extent X": 4.348998546600342,
            "BoundingBox3D Extent Y": 1.8762916326522827,
            "BoundingBox3D Extent Z": 1.5220270156860352,
            "BoundingBox3D Orientation Quat W": 0.9999917149543762,
            "BoundingBox3D Orientation Quat X": 2.0237483910889864e-10,
            "BoundingBox3D Orientation Quat Y": 5.626690224858066e-09,
            "BoundingBox3D Orientation Quat Z": 0.004083084408193827,
            "BoundingBox3D Origin X": -24.35491371154785,
            "BoundingBox3D Origin Y": -3.9762344360351562,
            "BoundingBox3D Origin Z": 0.8309001922607422,
            "ObjectId": 0,
            "ObjectType": "CAR",
            "Occluded": 0,
            "Relative Velocity X": -6.617542266845703,
            "Relative Velocity Y": 0.09201669692993164,
            "Relative Velocity Z": 0.04976612329483032,
            "Truncated": 0
        },
        {
            "ActorName": "VAN 03",
            "BoundingBox3D Extent X": 6.025586128234863,
            "BoundingBox3D Extent Y": 2.144935131072998,
            "BoundingBox3D Extent Z": 2.8196897506713867,
            "BoundingBox3D Orientation Quat W": 1,
            "BoundingBox3D Orientation Quat X": 0,
            "BoundingBox3D Orientation Quat Y": 0,
            "BoundingBox3D Orientation Quat Z": 8.14199447631836e-05,
            "BoundingBox3D Origin X": 41.231536865234375,
            "BoundingBox3D Origin Y": -4.4157328605651855,
            "BoundingBox3D Origin Z": 1.2598921060562134,
            "ObjectId": 3,
            "ObjectType": "VAN",
            "Occluded": 0,
            "Relative Velocity X": -5.078350067138672,
            "Relative Velocity Y": -0.21529436111450195,
            "Relative Velocity Z": -0.0006823539733886719,
            "Truncated": 0
        }
    ],
    "Timestamp": "4835122913000"
}