{
    "CapturedObjects": [
        {
            "ActorName": "CAR 04",
            "BoundingBox3D Extent X": 4.7388153076171875,
            "BoundingBox3D Extent Y": 2.0734503269195557,
            "BoundingBox3D Extent Z": 1.95722234249115,
            "BoundingBox3D Orientation Quat W": 1,
            "BoundingBox3D Orientation Quat X": 0,
            "BoundingBox3D Orientation Quat Y": 0,
            "BoundingBox3D Orientation Quat Z": 0,
            "BoundingBox3D Origin X": 112.29405212402344,
            "BoundingBox3D Origin Y": -6.933295249938965,
            "BoundingBox3D Origin Z": 0.32655301690101624,
            "ObjectId": 4,
            "ObjectType": "CAR",
            "Occluded": 0,
            "Relative Velocity X": -0.8929443359375,
            "Relative Velocity Y": -0.25411176681518555,
            "Relative Velocity Z": 2.9802322387695312e-08,
            "Truncated": 0
        },
        {
            "ActorName": "CAR 06",
            "BoundingBox3D Extent X": 5.29120397567749,
            "BoundingBox3D Extent Y": 2.0086662769317627,
            "BoundingBox3D Extent Z": 1.513735055923462,
            "BoundingBox3D Orientation Quat W": -0.9999898672103882,
            "BoundingBox3D Orientation Quat X": -7.375084098981688e-09,
            "BoundingBox3D Orientation Quat Y": 3.9342939572861724e-08,
            "BoundingBox3D Orientation Quat Z": -0.004512726329267025,
            "BoundingBox3D Origin X": -74.4102783203125,
            "BoundingBox3D Origin Y": -0.4442097246646881,
            "BoundingBox3D Origin Z": 0.7606874704360962,
            "ObjectId": 6,
            "ObjectType": "CAR",
            "Occluded": 0,
            "Relative Velocity X": -2.33160400390625,
            "Relative Velocity Y": -0.3404069244861603,
            "Relative Velocity Z": -1.1920928955078125e-07,
            "Truncated": 0
        },
        {
            "ActorName": "CAR 07",
            "BoundingBox3D Extent X": 5.167489051818848,
            "BoundingBox3D Extent Y": 2.1132826805114746,
            "BoundingBox3D Extent Z": 1.606276035308838,
            "BoundingBox3D Orientation Quat W": 0.9999985694885254,
            "BoundingBox3D Orientation Quat X": 0,
            "BoundingBox3D Orientation Quat Y": 0,
            "BoundingBox3D Orientation Quat Z": -0.001747680245898664,
            "BoundingBox3D Origin X": -79.87481689453125,
            "BoundingBox3D Origin Y": -4.675996780395508,
            "BoundingBox3D Origin Z": 0.8260172605514526,
            "ObjectId": 7,
            "ObjectType": "CAR",
            "Occluded": 0,
            "Relative Velocity X": -1.7224578857421875,
            "Relative Velocity Y": 0.12788009643554688,
            "Relative Velocity Z": 0,
            "Truncated": 0
        },
        {
            "ActorName": "CAR 02",
            "BoundingBox3D Extent X": 3.9690423011779785,
            "BoundingBox3D Extent Y": 1.7145068645477295,
            "BoundingBox3D Extent Z": 1.554603934288025,
            "BoundingBox3D Orientation Quat W": 0.9999896287918091,
            "BoundingBox3D Orientation Quat X": -3.3008267230627553e-09,
            "BoundingBox3D Orientation Quat Y": 3.275082149922781e-10,
            "BoundingBox3D Orientation Quat Z": 0.004559929948300123,
            "BoundingBox3D Origin X": 73.39562225341797,
            "BoundingBox3D Origin Y": -5.0462965965271,
            "BoundingBox3D Origin Z": 0.5867955684661865,
            "ObjectId": 2,
            "ObjectType": "CAR",
            "Occluded": 0,
            "Relative Velocity X": 2.8839874267578125,
            "Relative Velocity Y": 0.0669393539428711,
            "Relative Velocity Z": 0.09116458892822266,
            "Truncated": 0
        },
        {
            "ActorName": "VAN 01",
            "BoundingBox3D Extent X": 5.291935443878174,
            "BoundingBox3D Extent Y": 2.1456520557403564,
            "BoundingBox3D Extent Z": 2.0940957069396973,
            "BoundingBox3D Orientation Quat W": 0.9999991655349731,
            "BoundingBox3D Orientation Quat X": -2.4029733758368366e-09,
            "BoundingBox3D Orientation Quat Y": -4.0175596183189555e-09,
            "BoundingBox3D Orientation Quat Z": 0.0012678410857915878,
            "BoundingBox3D Origin X": -18.54421043395996,
            "BoundingBox3D Origin Y": -3.9444589614868164,
            "BoundingBox3D Origin Z": 1.0768369436264038,
            "ObjectId": 1,
            "ObjectType": "VAN",
            "Occluded": 0,
            "Relative Velocity X": -6.314113616943359,
            "Relative Velocity Y": 0.07594156265258789,
            "Relative Velocity Z": 0.001330256462097168,
            "Truncated": 0
        },
        {
            "ActorName": "CAR 00",
            "BoundingBox3D Extent X": 4.348998546600342,
            "BoundingBox3D Extent Y": 1.8762915134429932,
            "BoundingBox3D Extent Z": 1.5220270156860352,
            "BoundingBox3D Orientation Quat W": 0.9999111890792847,
            "BoundingBox3D Orientation Quat X": 7.580073235757823e-10,
            "BoundingBox3D Orientation Quat Y": -1.4621717031593207e-11,
            "BoundingBox3D Orientation Quat Z": 0.013328422792255878,
            "BoundingBox3D Origin X": -32.12234878540039,
            "BoundingBox3D Origin Y": -3.9368784427642822,
            "BoundingBox3D Origin Z": 0.8150255680084229,
            "ObjectId": 0,
            "ObjectType": "CAR",
            "Occluded": 0,
            "Relative Velocity X": -6.350318908691406,
            "Relative Velocity Y": 0.019405126571655273,
            "Relative Velocity Z": -0.056712448596954346,
            "Truncated": 0
        },
        {
            "ActorName": "VAN 03",
            "BoundingBox3D Extent X": 6.0255866050720215,
            "BoundingBox3D Extent Y": 2.144935131072998,
            "BoundingBox3D Extent Z": 2.8196897506713867,
            "BoundingBox3D Orientation Quat W": 1,
            "BoundingBox3D Orientation Quat X": 0,
            "BoundingBox3D Orientation Quat Y": 0,
            "BoundingBox3D Orientation Quat Z": 8.14199447631836e-05,
            "BoundingBox3D Origin X": 35.19623565673828,
            "BoundingBox3D Origin Y": -4.642216205596924,
            "BoundingBox3D Origin Z": 1.314093828201294,
            "ObjectId": 3,
            "ObjectType": "VAN",
            "Occluded": 0,
            "Relative Velocity X": -4.976215362548828,
            "Relative Velocity Y": -0.14838838577270508,
            "Relative Velocity Z": 0.08242964744567871,
            "Truncated": 0
        }
    ],
    "Timestamp": "4836322927000"
}