{
    "CapturedObjects": [
        {
            "ActorName": "CAR 04",
            "BoundingBox3D Extent X": 4.7388153076171875,
            "BoundingBox3D Extent Y": 2.0734503269195557,
            "BoundingBox3D Extent Z": 1.9572222232818604,
            "BoundingBox3D Orientation Quat W": 1,
            "BoundingBox3D Orientation Quat X": 0,
            "BoundingBox3D Orientation Quat Y": 0,
            "BoundingBox3D Orientation Quat Z": 0,
            "BoundingBox3D Origin X": 116.43754577636719,
            "BoundingBox3D Origin Y": -5.414438247680664,
            "BoundingBox3D Origin Z": 0.4532066583633423,
            "ObjectId": 4,
            "ObjectType": "CAR",
            "Occluded": 0,
            "Relative Velocity X": -1.473876953125,
            "Relative Velocity Y": -0.42549943923950195,
            "Relative Velocity Z": 0.042259156703948975,
            "Truncated": 0
        },
        {
            "ActorName": "TRUCK 05",
            "BoundingBox3D Extent X": 16.6685791015625,
            "BoundingBox3D Extent Y": 2.8649961948394775,
            "BoundingBox3D Extent Z": 3.925795555114746,
            "BoundingBox3D Orientation Quat W": 0.9999980330467224,
            "BoundingBox3D Orientation Quat X": -8.848816790418823e-09,
            "BoundingBox3D Orientation Quat Y": 4.377055233817373e-07,
            "BoundingBox3D Orientation Quat Z": 0.0020187590271234512,
            "BoundingBox3D Origin X": -91.87889099121094,
            "BoundingBox3D Origin Y": -2.9617185592651367,
            "BoundingBox3D Origin Z": 2.0737686157226562,
            "ObjectId": 5,
            "ObjectType": "TRUCK",
            "Occluded": 0,
            "Relative Velocity X": -5.932060241699219,
            "Relative Velocity Y": -0.2666611671447754,
            "Relative Velocity Z": 0.06830573081970215,
            "Truncated": 0
        },
        {
            "ActorName": "CAR 06",
            "BoundingBox3D Extent X": 5.29120397567749,
            "BoundingBox3D Extent Y": 2.0086662769317627,
            "BoundingBox3D Extent Z": 1.513735055923462,
            "BoundingBox3D Orientation Quat W": 0.9999997019767761,
            "BoundingBox3D Orientation Quat X": -1.811091721037883e-08,
            "BoundingBox3D Orientation Quat Y": 1.3890018024653727e-08,
            "BoundingBox3D Orientation Quat Z": -0.0007460777414962649,
            "BoundingBox3D Origin X": -67.92256927490234,
            "BoundingBox3D Origin Y": 0.17443452775478363,
            "BoundingBox3D Origin Z": 0.7606877684593201,
            "ObjectId": 6,
            "ObjectType": "CAR",
            "Occluded": 0,
            "Relative Velocity X": -1.8672027587890625,
            "Relative Velocity Y": -0.14281365275382996,
            "Relative Velocity Z": 0,
            "Truncated": 0
        },
        {
            "ActorName": "CAR 07",
            "BoundingBox3D Extent X": 5.167489051818848,
            "BoundingBox3D Extent Y": 2.1132826805114746,
            "BoundingBox3D Extent Z": 1.606276035308838,
            "BoundingBox3D Orientation Quat W": 0.9999985694885254,
            "BoundingBox3D Orientation Quat X": 0,
            "BoundingBox3D Orientation Quat Y": 0,
            "BoundingBox3D Orientation Quat Z": -0.001747680245898664,
            "BoundingBox3D Origin X": -73.6610107421875,
            "BoundingBox3D Origin Y": -6.185962677001953,
            "BoundingBox3D Origin Z": 0.8481686115264893,
            "ObjectId": 7,
            "ObjectType": "CAR",
            "Occluded": 0,
            "Relative Velocity X": -1.7032470703125,
            "Relative Velocity Y": 0.587120532989502,
            "Relative Velocity Z": -0.045884013175964355,
            "Truncated": 0
        },
        {
            "ActorName": "CAR 02",
            "BoundingBox3D Extent X": 3.9690423011779785,
            "BoundingBox3D Extent Y": 1.7145068645477295,
            "BoundingBox3D Extent Z": 1.554603934288025,
            "BoundingBox3D Orientation Quat W": 0.9998528361320496,
            "BoundingBox3D Orientation Quat X": -1.4203125342504563e-09,
            "BoundingBox3D Orientation Quat Y": 7.724142853104965e-11,
            "BoundingBox3D Orientation Quat Z": 0.017156783491373062,
            "BoundingBox3D Origin X": 62.574546813964844,
            "BoundingBox3D Origin Y": -7.016693115234375,
            "BoundingBox3D Origin Z": 0.5814171433448792,
            "ObjectId": 2,
            "ObjectType": "CAR",
            "Occluded": 0,
            "Relative Velocity X": 3.4804649353027344,
            "Relative Velocity Y": 1.1421856880187988,
            "Relative Velocity Z": -0.009392499923706055,
            "Truncated": 0
        },
        {
            "ActorName": "VAN 01",
            "BoundingBox3D Extent X": 5.291935443878174,
            "BoundingBox3D Extent Y": 2.1456518173217773,
            "BoundingBox3D Extent Z": 2.0940957069396973,
            "BoundingBox3D Orientation Quat W": 0.9999991655349731,
            "BoundingBox3D Orientation Quat X": -2.4029733758368366e-09,
            "BoundingBox3D Orientation Quat Y": -4.0175596183189555e-09,
            "BoundingBox3D Orientation Quat Z": 0.0012678410857915878,
            "BoundingBox3D Origin X": 1.287081241607666,
            "BoundingBox3D Origin Y": -4.071067810058594,
            "BoundingBox3D Origin Z": 1.0443227291107178,
            "ObjectId": 1,
            "ObjectType": "VAN",
            "Occluded": 0,
            "Relative Velocity X": -6.153745651245117,
            "Relative Velocity Y": 0.06443166732788086,
            "Relative Velocity Z": 0.01867067813873291,
            "Truncated": 0
        },
        {
            "ActorName": "CAR 00",
            "BoundingBox3D Extent X": 4.348998546600342,
            "BoundingBox3D Extent Y": 1.8762915134429932,
            "BoundingBox3D Extent Z": 1.5220270156860352,
            "BoundingBox3D Orientation Quat W": 0.9997535943984985,
            "BoundingBox3D Orientation Quat X": 7.489363573753849e-10,
            "BoundingBox3D Orientation Quat Y": -1.395816173754838e-08,
            "BoundingBox3D Orientation Quat Z": 0.022198308259248734,
            "BoundingBox3D Origin X": -11.90250015258789,
            "BoundingBox3D Origin Y": -4.870510101318359,
            "BoundingBox3D Origin Z": 0.7852420806884766,
            "ObjectId": 0,
            "ObjectType": "CAR",
            "Occluded": 0,
            "Relative Velocity X": -6.462307929992676,
            "Relative Velocity Y": 0.9585180282592773,
            "Relative Velocity Z": 0.0023263096809387207,
            "Truncated": 0
        },
        {
            "ActorName": "VAN 03",
            "BoundingBox3D Extent X": 6.0255866050720215,
            "BoundingBox3D Extent Y": 2.144935131072998,
            "BoundingBox3D Extent Z": 2.8196897506713867,
            "BoundingBox3D Orientation Quat W": 0.9999839067459106,
            "BoundingBox3D Orientation Quat X": 0,
            "BoundingBox3D Orientation Quat Y": 0,
            "BoundingBox3D Orientation Quat Z": 0.005676848813891411,
            "BoundingBox3D Origin X": 50.931114196777344,
            "BoundingBox3D Origin Y": -4.154093265533447,
            "BoundingBox3D Origin Z": 1.2912325859069824,
            "ObjectId": 3,
            "ObjectType": "VAN",
            "Occluded": 0,
            "Relative Velocity X": -4.958709716796875,
            "Relative Velocity Y": -0.1138467788696289,
            "Relative Velocity Z": -0.04311168193817139,
            "Truncated": 0
        }
    ],
    "Timestamp": "4833189570000"
}