{
    "CapturedObjects": [
        {
            "ActorName": "CAR 04",
            "BoundingBox3D Extent X": 4.7388153076171875,
            "BoundingBox3D Extent Y": 2.0734503269195557,
            "BoundingBox3D Extent Z": 1.95722234249115,
            "BoundingBox3D Orientation Quat W": 1,
            "BoundingBox3D Orientation Quat X": 0,
            "BoundingBox3D Orientation Quat Y": 0,
            "BoundingBox3D Orientation Quat Z": 0,
            "BoundingBox3D Origin X": 113.1911849975586,
            "BoundingBox3D Origin Y": -6.647430896759033,
            "BoundingBox3D Origin Z": 0.32655301690101624,
            "ObjectId": 4,
            "ObjectType": "CAR",
            "Occluded": 0,
            "Relative Velocity X": -1.2058486938476562,
            "Relative Velocity Y": -0.42418479919433594,
            "Relative Velocity Z": 0,
            "Truncated": 0
        },
        {
            "ActorName": "TRUCK 05",
            "BoundingBox3D Extent X": 16.6685791015625,
            "BoundingBox3D Extent Y": 2.8649961948394775,
            "BoundingBox3D Extent Z": 3.925795555114746,
            "BoundingBox3D Orientation Quat W": 0.9999743700027466,
            "BoundingBox3D Orientation Quat X": 2.543508514918358e-09,
            "BoundingBox3D Orientation Quat Y": 5.341900646271824e-07,
            "BoundingBox3D Orientation Quat Z": -0.007182340603321791,
            "BoundingBox3D Origin X": -105.71239471435547,
            "BoundingBox3D Origin Y": -3.2929248809814453,
            "BoundingBox3D Origin Z": 2.150407075881958,
            "ObjectId": 5,
            "ObjectType": "TRUCK",
            "Occluded": 0,
            "Relative Velocity X": -6.1953582763671875,
            "Relative Velocity Y": -0.2719612121582031,
            "Relative Velocity Z": 0.14458274841308594,
            "Truncated": 0
        },
        {
            "ActorName": "CAR 06",
            "BoundingBox3D Extent X": 5.29120397567749,
            "BoundingBox3D Extent Y": 2.0086662769317627,
            "BoundingBox3D Extent Z": 1.513735055923462,
            "BoundingBox3D Orientation Quat W": 0.9999989867210388,
            "BoundingBox3D Orientation Quat X": 6.014611919624713e-09,
            "BoundingBox3D Orientation Quat Y": -3.155769690010857e-08,
            "BoundingBox3D Orientation Quat Z": 0.001469570561312139,
            "BoundingBox3D Origin X": -72.47114562988281,
            "BoundingBox3D Origin Y": -0.11962112784385681,
            "BoundingBox3D Origin Z": 0.7606877088546753,
            "ObjectId": 6,
            "ObjectType": "CAR",
            "Occluded": 0,
            "Relative Velocity X": -2.1328353881835938,
            "Relative Velocity Y": -0.31479546427726746,
            "Relative Velocity Z": -1.1920928955078125e-07,
            "Truncated": 0
        },
        {
            "ActorName": "CAR 07",
            "BoundingBox3D Extent X": 5.167489051818848,
            "BoundingBox3D Extent Y": 2.1132826805114746,
            "BoundingBox3D Extent Z": 1.606276035308838,
            "BoundingBox3D Orientation Quat W": 0.9999985694885254,
            "BoundingBox3D Orientation Quat X": 0,
            "BoundingBox3D Orientation Quat Y": 0,
            "BoundingBox3D Orientation Quat Z": -0.001747680245898664,
            "BoundingBox3D Origin X": -78.35107421875,
            "BoundingBox3D Origin Y": -4.852524280548096,
            "BoundingBox3D Origin Z": 0.8260172605514526,
            "ObjectId": 7,
            "ObjectType": "CAR",
            "Occluded": 0,
            "Relative Velocity X": -1.8766250610351562,
            "Relative Velocity Y": 0.36365365982055664,
            "Relative Velocity Z": 5.960464477539063e-08,
            "Truncated": 0
        },
        {
            "ActorName": "CAR 02",
            "BoundingBox3D Extent X": 3.9690423011779785,
            "BoundingBox3D Extent Y": 1.7145068645477295,
            "BoundingBox3D Extent Z": 1.554603934288025,
            "BoundingBox3D Orientation Quat W": 0.9999930262565613,
            "BoundingBox3D Orientation Quat X": -3.445083995856635e-09,
            "BoundingBox3D Orientation Quat Y": 6.280609921027747e-10,
            "BoundingBox3D Orientation Quat Z": 0.0037273885682225227,
            "BoundingBox3D Origin X": 70.64474487304688,
            "BoundingBox3D Origin Y": -5.14890718460083,
            "BoundingBox3D Origin Z": 0.5373358726501465,
            "ObjectId": 2,
            "ObjectType": "CAR",
            "Occluded": 0,
            "Relative Velocity X": 3.5104904174804688,
            "Relative Velocity Y": 0.12865781784057617,
            "Relative Velocity Z": -0.004562199115753174,
            "Truncated": 0
        },
        {
            "ActorName": "VAN 01",
            "BoundingBox3D Extent X": 5.291935443878174,
            "BoundingBox3D Extent Y": 2.1456520557403564,
            "BoundingBox3D Extent Z": 2.0940957069396973,
            "BoundingBox3D Orientation Quat W": 0.9999991655349731,
            "BoundingBox3D Orientation Quat X": -2.4029733758368366e-09,
            "BoundingBox3D Orientation Quat Y": -4.0175596183189555e-09,
            "BoundingBox3D Orientation Quat Z": 0.0012678410857915878,
            "BoundingBox3D Origin X": -13.017854690551758,
            "BoundingBox3D Origin Y": -4.000136852264404,
            "BoundingBox3D Origin Z": 1.0577387809753418,
            "ObjectId": 1,
            "ObjectType": "VAN",
            "Occluded": 0,
            "Relative Velocity X": -6.345954895019531,
            "Relative Velocity Y": 0.04186844825744629,
            "Relative Velocity Z": 0.047302961349487305,
            "Truncated": 0
        },
        {
            "ActorName": "CAR 00",
            "BoundingBox3D Extent X": 4.348998546600342,
            "BoundingBox3D Extent Y": 1.8762915134429932,
            "BoundingBox3D Extent Z": 1.5220270156860352,
            "BoundingBox3D Orientation Quat W": 0.9999898076057434,
            "BoundingBox3D Orientation Quat X": 1.497094337388205e-09,
            "BoundingBox3D Orientation Quat Y": 2.082632288846753e-09,
            "BoundingBox3D Orientation Quat Z": 0.004522415343672037,
            "BoundingBox3D Origin X": -26.56391716003418,
            "BoundingBox3D Origin Y": -3.9491024017333984,
            "BoundingBox3D Origin Z": 0.8478172421455383,
            "ObjectId": 0,
            "ObjectType": "CAR",
            "Occluded": 0,
            "Relative Velocity X": -6.543735504150391,
            "Relative Velocity Y": 0.05515289306640625,
            "Relative Velocity Z": 0.01620304584503174,
            "Truncated": 0
        },
        {
            "ActorName": "VAN 03",
            "BoundingBox3D Extent X": 6.0255866050720215,
            "BoundingBox3D Extent Y": 2.144935131072998,
            "BoundingBox3D Extent Z": 2.8196897506713867,
            "BoundingBox3D Orientation Quat W": 1,
            "BoundingBox3D Orientation Quat X": 0,
            "BoundingBox3D Orientation Quat Y": 0,
            "BoundingBox3D Orientation Quat Z": 8.14199447631836e-05,
            "BoundingBox3D Origin X": 39.536643981933594,
            "BoundingBox3D Origin Y": -4.491596221923828,
            "BoundingBox3D Origin Z": 1.2598921060562134,
            "ObjectId": 3,
            "ObjectType": "VAN",
            "Occluded": 0,
            "Relative Velocity X": -5.058879852294922,
            "Relative Velocity Y": -0.2094578742980957,
            "Relative Velocity Z": 0.021077513694763184,
            "Truncated": 0
        }
    ],
    "Timestamp": "4835456249000"
}