{
    "CapturedObjects": [
        {
            "ActorName": "CAR 04",
            "BoundingBox3D Extent X": 4.7388153076171875,
            "BoundingBox3D Extent Y": 2.0734503269195557,
            "BoundingBox3D Extent Z": 1.95722234249115,
            "BoundingBox3D Orientation Quat W": 1,
            "BoundingBox3D Orientation Quat X": 0,
            "BoundingBox3D Orientation Quat Y": 0,
            "BoundingBox3D Orientation Quat Z": 0,
            "BoundingBox3D Origin X": 114.6438980102539,
            "BoundingBox3D Origin Y": -6.0854811668396,
            "BoundingBox3D Origin Z": 0.3766419589519501,
            "ObjectId": 4,
            "ObjectType": "CAR",
            "Occluded": 0,
            "Relative Velocity X": -1.47735595703125,
            "Relative Velocity Y": -0.6179356575012207,
            "Relative Velocity Z": -0.1252177357673645,
            "Truncated": 0
        },
        {
            "ActorName": "TRUCK 05",
            "BoundingBox3D Extent X": 16.6685791015625,
            "BoundingBox3D Extent Y": 2.8649964332580566,
            "BoundingBox3D Extent Z": 3.925795555114746,
            "BoundingBox3D Orientation Quat W": 0.9999886751174927,
            "BoundingBox3D Orientation Quat X": -3.572294238196605e-09,
            "BoundingBox3D Orientation Quat Y": 2.8992860734433634e-07,
            "BoundingBox3D Orientation Quat Z": -0.004789314698427916,
            "BoundingBox3D Origin X": -99.12619018554688,
            "BoundingBox3D Origin Y": -3.0794484615325928,
            "BoundingBox3D Origin Z": 2.05425763130188,
            "ObjectId": 5,
            "ObjectType": "TRUCK",
            "Occluded": 0,
            "Relative Velocity X": -6.131385803222656,
            "Relative Velocity Y": -0.051688432693481445,
            "Relative Velocity Z": -0.022374391555786133,
            "Truncated": 0
        },
        {
            "ActorName": "CAR 06",
            "BoundingBox3D Extent X": 5.29120397567749,
            "BoundingBox3D Extent Y": 2.0086662769317627,
            "BoundingBox3D Extent Z": 1.513735055923462,
            "BoundingBox3D Orientation Quat W": 0.9999765753746033,
            "BoundingBox3D Orientation Quat X": -5.375726530587599e-09,
            "BoundingBox3D Orientation Quat Y": 4.209085524564671e-09,
            "BoundingBox3D Orientation Quat Z": -0.006839341949671507,
            "BoundingBox3D Origin X": -70.27779388427734,
            "BoundingBox3D Origin Y": 0.10270481556653976,
            "BoundingBox3D Origin Z": 0.7606877684593201,
            "ObjectId": 6,
            "ObjectType": "CAR",
            "Occluded": 0,
            "Relative Velocity X": -2.0361251831054688,
            "Relative Velocity Y": -0.06751470267772675,
            "Relative Velocity Z": -5.960464477539063e-08,
            "Truncated": 0
        },
        {
            "ActorName": "CAR 07",
            "BoundingBox3D Extent X": 5.167489051818848,
            "BoundingBox3D Extent Y": 2.1132826805114746,
            "BoundingBox3D Extent Z": 1.606276035308838,
            "BoundingBox3D Orientation Quat W": 0.9999985694885254,
            "BoundingBox3D Orientation Quat X": 0,
            "BoundingBox3D Orientation Quat Y": 0,
            "BoundingBox3D Orientation Quat Z": -0.001747680245898664,
            "BoundingBox3D Origin X": -76.16415405273438,
            "BoundingBox3D Origin Y": -5.4088358879089355,
            "BoundingBox3D Origin Z": 0.8260172605514526,
            "ObjectId": 7,
            "ObjectType": "CAR",
            "Occluded": 0,
            "Relative Velocity X": -2.2523574829101562,
            "Relative Velocity Y": 0.6364517211914062,
            "Relative Velocity Z": -5.960464477539063e-08,
            "Truncated": 0
        },
        {
            "ActorName": "CAR 02",
            "BoundingBox3D Extent X": 3.9690420627593994,
            "BoundingBox3D Extent Y": 1.7145068645477295,
            "BoundingBox3D Extent Z": 1.554603934288025,
            "BoundingBox3D Orientation Quat W": 0.9996881484985352,
            "BoundingBox3D Orientation Quat X": -3.087895217301906e-10,
            "BoundingBox3D Orientation Quat Y": 1.6793023568939525e-11,
            "BoundingBox3D Orientation Quat Z": 0.024975093081593513,
            "BoundingBox3D Origin X": 66.77741241455078,
            "BoundingBox3D Origin Y": -5.631806373596191,
            "BoundingBox3D Origin Z": 0.5675180554389954,
            "ObjectId": 2,
            "ObjectType": "CAR",
            "Occluded": 0,
            "Relative Velocity X": 3.5323104858398438,
            "Relative Velocity Y": 0.9840850830078125,
            "Relative Velocity Z": -0.015634000301361084,
            "Truncated": 0
        },
        {
            "ActorName": "VAN 01",
            "BoundingBox3D Extent X": 5.291935443878174,
            "BoundingBox3D Extent Y": 2.1456520557403564,
            "BoundingBox3D Extent Z": 2.0940957069396973,
            "BoundingBox3D Orientation Quat W": 0.9999991655349731,
            "BoundingBox3D Orientation Quat X": -2.4029733758368366e-09,
            "BoundingBox3D Orientation Quat Y": -4.0175596183189555e-09,
            "BoundingBox3D Orientation Quat Z": 0.0012678410857915878,
            "BoundingBox3D Origin X": -6.255399703979492,
            "BoundingBox3D Origin Y": -4.026918888092041,
            "BoundingBox3D Origin Z": 1.0196346044540405,
            "ObjectId": 1,
            "ObjectType": "VAN",
            "Occluded": 0,
            "Relative Velocity X": -6.367071151733398,
            "Relative Velocity Y": 0.020030498504638672,
            "Relative Velocity Z": -0.021594762802124023,
            "Truncated": 0
        },
        {
            "ActorName": "CAR 00",
            "BoundingBox3D Extent X": 4.348998546600342,
            "BoundingBox3D Extent Y": 1.8762915134429932,
            "BoundingBox3D Extent Z": 1.5220270156860352,
            "BoundingBox3D Orientation Quat W": 0.9999738335609436,
            "BoundingBox3D Orientation Quat X": -1.1808249933409343e-09,
            "BoundingBox3D Orientation Quat Y": 7.764689335942876e-09,
            "BoundingBox3D Orientation Quat Z": 0.007236901205033064,
            "BoundingBox3D Origin X": -19.57093620300293,
            "BoundingBox3D Origin Y": -4.120891094207764,
            "BoundingBox3D Origin Z": 0.8015644550323486,
            "ObjectId": 0,
            "ObjectType": "CAR",
            "Occluded": 0,
            "Relative Velocity X": -6.408658981323242,
            "Relative Velocity Y": 0.32565951347351074,
            "Relative Velocity Z": 0.028089165687561035,
            "Truncated": 0
        },
        {
            "ActorName": "VAN 03",
            "BoundingBox3D Extent X": 6.025586128234863,
            "BoundingBox3D Extent Y": 2.144935131072998,
            "BoundingBox3D Extent Z": 2.8196897506713867,
            "BoundingBox3D Orientation Quat W": 0.9999997615814209,
            "BoundingBox3D Orientation Quat X": 0,
            "BoundingBox3D Orientation Quat Y": 0,
            "BoundingBox3D Orientation Quat Z": -0.000612944713793695,
            "BoundingBox3D Origin X": 44.93921661376953,
            "BoundingBox3D Origin Y": -4.28981876373291,
            "BoundingBox3D Origin Z": 1.2621663808822632,
            "ObjectId": 3,
            "ObjectType": "VAN",
            "Occluded": 0,
            "Relative Velocity X": -5.031726837158203,
            "Relative Velocity Y": -0.1251211166381836,
            "Relative Velocity Z": -0.005685329437255859,
            "Truncated": 0
        }
    ],
    "Timestamp": "4834389565000"
}