{
    "CapturedObjects": [
        {
            "ActorName": "CAR 04",
            "BoundingBox3D Extent X": 4.7388153076171875,
            "BoundingBox3D Extent Y": 2.0734503269195557,
            "BoundingBox3D Extent Z": 1.9572224617004395,
            "BoundingBox3D Orientation Quat W": 1,
            "BoundingBox3D Orientation Quat X": 0,
            "BoundingBox3D Orientation Quat Y": 0,
            "BoundingBox3D Orientation Quat Z": 0,
            "BoundingBox3D Origin X": 114.74481201171875,
            "BoundingBox3D Origin Y": -6.042357444763184,
            "BoundingBox3D Origin Z": 0.3866555690765381,
            "ObjectId": 4,
            "ObjectType": "CAR",
            "Occluded": 0,
            "Relative Velocity X": -1.49212646484375,
            "Relative Velocity Y": -0.6295943260192871,
            "Relative Velocity Z": -0.13523134589195251,
            "Truncated": 0
        },
        {
            "ActorName": "TRUCK 05",
            "BoundingBox3D Extent X": 16.6685791015625,
            "BoundingBox3D Extent Y": 2.8649961948394775,
            "BoundingBox3D Extent Z": 3.925795555114746,
            "BoundingBox3D Orientation Quat W": 0.9999919533729553,
            "BoundingBox3D Orientation Quat X": -4.831884670153386e-09,
            "BoundingBox3D Orientation Quat Y": 3.3215422945431783e-07,
            "BoundingBox3D Orientation Quat Z": -0.004031001590192318,
            "BoundingBox3D Origin X": -98.7188720703125,
            "BoundingBox3D Origin Y": -3.0804710388183594,
            "BoundingBox3D Origin Z": 2.0591349601745605,
            "ObjectId": 5,
            "ObjectType": "TRUCK",
            "Occluded": 0,
            "Relative Velocity X": -6.125831604003906,
            "Relative Velocity Y": -0.032541751861572266,
            "Relative Velocity Z": -0.03688693046569824,
            "Truncated": 0
        },
        {
            "ActorName": "CAR 06",
            "BoundingBox3D Extent X": 5.29120397567749,
            "BoundingBox3D Extent Y": 2.0086662769317627,
            "BoundingBox3D Extent Z": 1.513735055923462,
            "BoundingBox3D Orientation Quat W": 0.9999827146530151,
            "BoundingBox3D Orientation Quat X": -6.862142409858052e-09,
            "BoundingBox3D Orientation Quat Y": 5.364699351417812e-09,
            "BoundingBox3D Orientation Quat Z": -0.005873905960470438,
            "BoundingBox3D Origin X": -70.14270782470703,
            "BoundingBox3D Origin Y": 0.10296348482370377,
            "BoundingBox3D Origin Z": 0.7606877684593201,
            "ObjectId": 6,
            "ObjectType": "CAR",
            "Occluded": 0,
            "Relative Velocity X": -2.0335311889648438,
            "Relative Velocity Y": -0.049338992685079575,
            "Relative Velocity Z": -5.960464477539063e-08,
            "Truncated": 0
        },
        {
            "ActorName": "CAR 07",
            "BoundingBox3D Extent X": 5.167489051818848,
            "BoundingBox3D Extent Y": 2.1132826805114746,
            "BoundingBox3D Extent Z": 1.606276035308838,
            "BoundingBox3D Orientation Quat W": 0.9999985694885254,
            "BoundingBox3D Orientation Quat X": 0,
            "BoundingBox3D Orientation Quat Y": 0,
            "BoundingBox3D Orientation Quat Z": -0.001747680245898664,
            "BoundingBox3D Origin X": -76.00797271728516,
            "BoundingBox3D Origin Y": -5.454709529876709,
            "BoundingBox3D Origin Z": 0.8260172605514526,
            "ObjectId": 7,
            "ObjectType": "CAR",
            "Occluded": 0,
            "Relative Velocity X": -2.2784423828125,
            "Relative Velocity Y": 0.6512751579284668,
            "Relative Velocity Z": 0,
            "Truncated": 0
        },
        {
            "ActorName": "CAR 02",
            "BoundingBox3D Extent X": 3.9690423011779785,
            "BoundingBox3D Extent Y": 1.7145068645477295,
            "BoundingBox3D Extent Z": 1.554603934288025,
            "BoundingBox3D Orientation Quat W": 0.9996988773345947,
            "BoundingBox3D Orientation Quat X": -3.705215301241793e-10,
            "BoundingBox3D Orientation Quat Y": 2.015022003420963e-11,
            "BoundingBox3D Orientation Quat Z": 0.024540919810533524,
            "BoundingBox3D Origin X": 66.54399871826172,
            "BoundingBox3D Origin Y": -5.708718776702881,
            "BoundingBox3D Origin Z": 0.5682899951934814,
            "ObjectId": 2,
            "ObjectType": "CAR",
            "Occluded": 0,
            "Relative Velocity X": 3.5203781127929688,
            "Relative Velocity Y": 1.0520758628845215,
            "Relative Velocity Z": -0.014013946056365967,
            "Truncated": 0
        },
        {
            "ActorName": "VAN 01",
            "BoundingBox3D Extent X": 5.291935443878174,
            "BoundingBox3D Extent Y": 2.1456520557403564,
            "BoundingBox3D Extent Z": 2.0940957069396973,
            "BoundingBox3D Orientation Quat W": 0.9999991655349731,
            "BoundingBox3D Orientation Quat X": -2.4029733758368366e-09,
            "BoundingBox3D Orientation Quat Y": -4.0175596183189555e-09,
            "BoundingBox3D Orientation Quat Z": 0.0012678410857915878,
            "BoundingBox3D Origin X": -5.830255508422852,
            "BoundingBox3D Origin Y": -4.028100967407227,
            "BoundingBox3D Origin Z": 1.0227986574172974,
            "ObjectId": 1,
            "ObjectType": "VAN",
            "Occluded": 0,
            "Relative Velocity X": -6.370600700378418,
            "Relative Velocity Y": 0.01937580108642578,
            "Relative Velocity Z": -0.028987765312194824,
            "Truncated": 0
        },
        {
            "ActorName": "CAR 00",
            "BoundingBox3D Extent X": 4.348998546600342,
            "BoundingBox3D Extent Y": 1.8762915134429932,
            "BoundingBox3D Extent Z": 1.5220270156860352,
            "BoundingBox3D Orientation Quat W": 0.999966561794281,
            "BoundingBox3D Orientation Quat X": -1.0735116129367839e-09,
            "BoundingBox3D Orientation Quat Y": 7.0590342460263855e-09,
            "BoundingBox3D Orientation Quat Z": 0.008178719319403172,
            "BoundingBox3D Origin X": -19.148273468017578,
            "BoundingBox3D Origin Y": -4.147547721862793,
            "BoundingBox3D Origin Z": 0.800152063369751,
            "ObjectId": 0,
            "ObjectType": "CAR",
            "Occluded": 0,
            "Relative Velocity X": -6.389678001403809,
            "Relative Velocity Y": 0.3468918800354004,
            "Relative Velocity Z": 0.026119232177734375,
            "Truncated": 0
        },
        {
            "ActorName": "VAN 03",
            "BoundingBox3D Extent X": 6.0255866050720215,
            "BoundingBox3D Extent Y": 2.144935131072998,
            "BoundingBox3D Extent Z": 2.8196897506713867,
            "BoundingBox3D Orientation Quat W": 0.9999996423721313,
            "BoundingBox3D Orientation Quat X": 0,
            "BoundingBox3D Orientation Quat Y": 0,
            "BoundingBox3D Orientation Quat Z": -0.0007517596823163331,
            "BoundingBox3D Origin X": 45.273841857910156,
            "BoundingBox3D Origin Y": -4.282845497131348,
            "BoundingBox3D Origin Z": 1.2626210451126099,
            "ObjectId": 3,
            "ObjectType": "VAN",
            "Occluded": 0,
            "Relative Velocity X": -5.027492523193359,
            "Relative Velocity Y": -0.11692667007446289,
            "Relative Velocity Z": -0.00614011287689209,
            "Truncated": 0
        }
    ],
    "Timestamp": "4834322934000"
}