{
    "CapturedObjects": [
        {
            "ActorName": "CAR 04",
            "BoundingBox3D Extent X": 4.7388153076171875,
            "BoundingBox3D Extent Y": 2.0734503269195557,
            "BoundingBox3D Extent Z": 1.95722234249115,
            "BoundingBox3D Orientation Quat W": 1,
            "BoundingBox3D Orientation Quat X": 0,
            "BoundingBox3D Orientation Quat Y": 0,
            "BoundingBox3D Orientation Quat Z": 0,
            "BoundingBox3D Origin X": 113.36354064941406,
            "BoundingBox3D Origin Y": -6.584478855133057,
            "BoundingBox3D Origin Z": 0.32655301690101624,
            "ObjectId": 4,
            "ObjectType": "CAR",
            "Occluded": 0,
            "Relative Velocity X": -1.25543212890625,
            "Relative Velocity Y": -0.45159339904785156,
            "Relative Velocity Z": -2.9802322387695312e-08,
            "Truncated": 0
        },
        {
            "ActorName": "TRUCK 05",
            "BoundingBox3D Extent X": 16.6685791015625,
            "BoundingBox3D Extent Y": 2.8649961948394775,
            "BoundingBox3D Extent Z": 3.925795555114746,
            "BoundingBox3D Orientation Quat W": 0.9999735951423645,
            "BoundingBox3D Orientation Quat X": 2.3642869884099582e-09,
            "BoundingBox3D Orientation Quat Y": 4.6531874886568403e-07,
            "BoundingBox3D Orientation Quat Z": -0.007289246656000614,
            "BoundingBox3D Origin X": -104.88636779785156,
            "BoundingBox3D Origin Y": -3.256664276123047,
            "BoundingBox3D Origin Z": 2.131129741668701,
            "ObjectId": 5,
            "ObjectType": "TRUCK",
            "Occluded": 0,
            "Relative Velocity X": -6.0743560791015625,
            "Relative Velocity Y": -0.21383190155029297,
            "Relative Velocity Z": 0.12048673629760742,
            "Truncated": 0
        },
        {
            "ActorName": "CAR 06",
            "BoundingBox3D Extent X": 5.29120397567749,
            "BoundingBox3D Extent Y": 2.0086662769317627,
            "BoundingBox3D Extent Z": 1.513735055923462,
            "BoundingBox3D Orientation Quat W": 0.9999998211860657,
            "BoundingBox3D Orientation Quat X": 5.107637424117684e-09,
            "BoundingBox3D Orientation Quat Y": -2.6367589001097258e-08,
            "BoundingBox3D Orientation Quat Z": -0.0005591232911683619,
            "BoundingBox3D Origin X": -72.19568634033203,
            "BoundingBox3D Origin Y": -0.08273996412754059,
            "BoundingBox3D Origin Z": 0.7606877088546753,
            "ObjectId": 6,
            "ObjectType": "CAR",
            "Occluded": 0,
            "Relative Velocity X": -2.103118896484375,
            "Relative Velocity Y": -0.29782575368881226,
            "Relative Velocity Z": -1.7881393432617188e-07,
            "Truncated": 0
        },
        {
            "ActorName": "CAR 07",
            "BoundingBox3D Extent X": 5.167489051818848,
            "BoundingBox3D Extent Y": 2.1132826805114746,
            "BoundingBox3D Extent Z": 1.606276035308838,
            "BoundingBox3D Orientation Quat W": 0.9999985694885254,
            "BoundingBox3D Orientation Quat X": 0,
            "BoundingBox3D Orientation Quat Y": 0,
            "BoundingBox3D Orientation Quat Z": -0.001747680245898664,
            "BoundingBox3D Origin X": -78.09075927734375,
            "BoundingBox3D Origin Y": -4.914647102355957,
            "BoundingBox3D Origin Z": 0.8260172605514526,
            "ObjectId": 7,
            "ObjectType": "CAR",
            "Occluded": 0,
            "Relative Velocity X": -1.9102859497070312,
            "Relative Velocity Y": 0.40910816192626953,
            "Relative Velocity Z": 0,
            "Truncated": 0
        },
        {
            "ActorName": "CAR 02",
            "BoundingBox3D Extent X": 3.9690420627593994,
            "BoundingBox3D Extent Y": 1.7145068645477295,
            "BoundingBox3D Extent Z": 1.554603934288025,
            "BoundingBox3D Orientation Quat W": 0.9999680519104004,
            "BoundingBox3D Orientation Quat X": -2.8187965295245476e-09,
            "BoundingBox3D Orientation Quat Y": 5.138847125607526e-10,
            "BoundingBox3D Orientation Quat Z": 0.007985945791006088,
            "BoundingBox3D Origin X": 70.15388488769531,
            "BoundingBox3D Origin Y": -5.166757106781006,
            "BoundingBox3D Origin Z": 0.5421214699745178,
            "ObjectId": 2,
            "ObjectType": "CAR",
            "Occluded": 0,
            "Relative Velocity X": 3.6082229614257812,
            "Relative Velocity Y": 0.1316390037536621,
            "Relative Velocity Z": -0.02246534824371338,
            "Truncated": 0
        },
        {
            "ActorName": "VAN 01",
            "BoundingBox3D Extent X": 5.291935443878174,
            "BoundingBox3D Extent Y": 2.1456520557403564,
            "BoundingBox3D Extent Z": 2.0940957069396973,
            "BoundingBox3D Orientation Quat W": 0.9999991655349731,
            "BoundingBox3D Orientation Quat X": -2.4029733758368366e-09,
            "BoundingBox3D Orientation Quat Y": -4.0175596183189555e-09,
            "BoundingBox3D Orientation Quat Z": 0.0012678410857915878,
            "BoundingBox3D Origin X": -12.174339294433594,
            "BoundingBox3D Origin Y": -4.003811836242676,
            "BoundingBox3D Origin Z": 1.0492780208587646,
            "ObjectId": 1,
            "ObjectType": "VAN",
            "Occluded": 0,
            "Relative Velocity X": -6.33729362487793,
            "Relative Velocity Y": 0.03551125526428223,
            "Relative Velocity Z": 0.05448269844055176,
            "Truncated": 0
        },
        {
            "ActorName": "CAR 00",
            "BoundingBox3D Extent X": 4.348998546600342,
            "BoundingBox3D Extent Y": 1.8762915134429932,
            "BoundingBox3D Extent Z": 1.5220270156860352,
            "BoundingBox3D Orientation Quat W": 0.9999906420707703,
            "BoundingBox3D Orientation Quat X": 9.792137101172216e-10,
            "BoundingBox3D Orientation Quat Y": 3.5002365450509387e-09,
            "BoundingBox3D Orientation Quat Z": 0.004346685018390417,
            "BoundingBox3D Origin X": -25.680326461791992,
            "BoundingBox3D Origin Y": -3.9599547386169434,
            "BoundingBox3D Origin Z": 0.8410504460334778,
            "ObjectId": 0,
            "ObjectType": "CAR",
            "Occluded": 0,
            "Relative Velocity X": -6.580757141113281,
            "Relative Velocity Y": 0.06681680679321289,
            "Relative Velocity Z": 0.03155779838562012,
            "Truncated": 0
        },
        {
            "ActorName": "VAN 03",
            "BoundingBox3D Extent X": 6.0255866050720215,
            "BoundingBox3D Extent Y": 2.144935131072998,
            "BoundingBox3D Extent Z": 2.8196897506713867,
            "BoundingBox3D Orientation Quat W": 1,
            "BoundingBox3D Orientation Quat X": 0,
            "BoundingBox3D Orientation Quat Y": 0,
            "BoundingBox3D Orientation Quat Z": 8.14199447631836e-05,
            "BoundingBox3D Origin X": 40.21459197998047,
            "BoundingBox3D Origin Y": -4.461251258850098,
            "BoundingBox3D Origin Z": 1.2598921060562134,
            "ObjectId": 3,
            "ObjectType": "VAN",
            "Occluded": 0,
            "Relative Velocity X": -5.073638916015625,
            "Relative Velocity Y": -0.2198195457458496,
            "Relative Velocity Z": 0.009033203125,
            "Truncated": 0
        }
    ],
    "Timestamp": "4835322912000"
}