{
    "CapturedObjects": [
        {
            "ActorName": "CAR 04",
            "BoundingBox3D Extent X": 4.7388153076171875,
            "BoundingBox3D Extent Y": 2.0734503269195557,
            "BoundingBox3D Extent Z": 1.9572222232818604,
            "BoundingBox3D Orientation Quat W": 1,
            "BoundingBox3D Orientation Quat X": 0,
            "BoundingBox3D Orientation Quat Y": 0,
            "BoundingBox3D Orientation Quat Z": 0,
            "BoundingBox3D Origin X": 115.55245208740234,
            "BoundingBox3D Origin Y": -5.697237491607666,
            "BoundingBox3D Origin Z": 0.4667942523956299,
            "ObjectId": 4,
            "ObjectType": "CAR",
            "Occluded": 0,
            "Relative Velocity X": -1.4952392578125,
            "Relative Velocity Y": -0.5614123344421387,
            "Relative Velocity Z": -0.0659661591053009,
            "Truncated": 0
        },
        {
            "ActorName": "TRUCK 05",
            "BoundingBox3D Extent X": 16.6685791015625,
            "BoundingBox3D Extent Y": 2.8649961948394775,
            "BoundingBox3D Extent Z": 3.925795555114746,
            "BoundingBox3D Orientation Quat W": 0.9999979734420776,
            "BoundingBox3D Orientation Quat X": -1.4912190593463492e-08,
            "BoundingBox3D Orientation Quat Y": 6.700757921862532e-07,
            "BoundingBox3D Orientation Quat Z": 0.002037803176790476,
            "BoundingBox3D Origin X": -95.45912170410156,
            "BoundingBox3D Origin Y": -3.088655471801758,
            "BoundingBox3D Origin Z": 2.0981664657592773,
            "ObjectId": 5,
            "ObjectType": "TRUCK",
            "Occluded": 0,
            "Relative Velocity X": -6.043701171875,
            "Relative Velocity Y": -0.09163045883178711,
            "Relative Velocity Z": -0.019510746002197266,
            "Truncated": 0
        },
        {
            "ActorName": "CAR 06",
            "BoundingBox3D Extent X": 5.29120397567749,
            "BoundingBox3D Extent Y": 2.0086662769317627,
            "BoundingBox3D Extent Z": 1.5137351751327515,
            "BoundingBox3D Orientation Quat W": 0.9999983310699463,
            "BoundingBox3D Orientation Quat X": -1.875754307434363e-08,
            "BoundingBox3D Orientation Quat Y": 1.4612773213684704e-08,
            "BoundingBox3D Orientation Quat Z": 0.0018525663763284683,
            "BoundingBox3D Origin X": -69.06159973144531,
            "BoundingBox3D Origin Y": 0.10503357648849487,
            "BoundingBox3D Origin Z": 0.7606878280639648,
            "ObjectId": 6,
            "ObjectType": "CAR",
            "Occluded": 0,
            "Relative Velocity X": -1.9664077758789062,
            "Relative Velocity Y": -0.0565837025642395,
            "Relative Velocity Z": 0,
            "Truncated": 0
        },
        {
            "ActorName": "CAR 07",
            "BoundingBox3D Extent X": 5.167489051818848,
            "BoundingBox3D Extent Y": 2.1132826805114746,
            "BoundingBox3D Extent Z": 1.606276035308838,
            "BoundingBox3D Orientation Quat W": 0.9999985694885254,
            "BoundingBox3D Orientation Quat X": 0,
            "BoundingBox3D Orientation Quat Y": 0,
            "BoundingBox3D Orientation Quat Z": -0.001747680245898664,
            "BoundingBox3D Origin X": -74.75800323486328,
            "BoundingBox3D Origin Y": -5.821833610534668,
            "BoundingBox3D Origin Z": 0.8260172605514526,
            "ObjectId": 7,
            "ObjectType": "CAR",
            "Occluded": 0,
            "Relative Velocity X": -2.1007156372070312,
            "Relative Velocity Y": 0.6499481201171875,
            "Relative Velocity Z": -0.017405569553375244,
            "Truncated": 0
        },
        {
            "ActorName": "CAR 02",
            "BoundingBox3D Extent X": 3.9690420627593994,
            "BoundingBox3D Extent Y": 1.7145068645477295,
            "BoundingBox3D Extent Z": 1.554603934288025,
            "BoundingBox3D Orientation Quat W": 0.999778151512146,
            "BoundingBox3D Orientation Quat X": -8.645576476951078e-10,
            "BoundingBox3D Orientation Quat Y": 4.7017584270392376e-11,
            "BoundingBox3D Orientation Quat Z": 0.021066097542643547,
            "BoundingBox3D Origin X": 64.67597961425781,
            "BoundingBox3D Origin Y": -6.324249267578125,
            "BoundingBox3D Origin Z": 0.5744675993919373,
            "ObjectId": 2,
            "ObjectType": "CAR",
            "Occluded": 0,
            "Relative Velocity X": 3.5024681091308594,
            "Relative Velocity Y": 1.1541013717651367,
            "Relative Velocity Z": -0.011582911014556885,
            "Truncated": 0
        },
        {
            "ActorName": "VAN 01",
            "BoundingBox3D Extent X": 5.291935443878174,
            "BoundingBox3D Extent Y": 2.1456520557403564,
            "BoundingBox3D Extent Z": 2.0940957069396973,
            "BoundingBox3D Orientation Quat W": 0.9999991655349731,
            "BoundingBox3D Orientation Quat X": -2.4029733758368366e-09,
            "BoundingBox3D Orientation Quat Y": -4.0175596183189555e-09,
            "BoundingBox3D Orientation Quat Z": 0.0012678410857915878,
            "BoundingBox3D Origin X": -2.4278392791748047,
            "BoundingBox3D Origin Y": -4.037561893463135,
            "BoundingBox3D Origin Z": 1.0481206178665161,
            "ObjectId": 1,
            "ObjectType": "VAN",
            "Occluded": 0,
            "Relative Velocity X": -6.290919303894043,
            "Relative Velocity Y": 0.035703182220458984,
            "Relative Velocity Z": -0.022110700607299805,
            "Truncated": 0
        },
        {
            "ActorName": "CAR 00",
            "BoundingBox3D Extent X": 4.348998546600342,
            "BoundingBox3D Extent Y": 1.8762915134429932,
            "BoundingBox3D Extent Z": 1.5220270156860352,
            "BoundingBox3D Orientation Quat W": 0.9998764991760254,
            "BoundingBox3D Orientation Quat X": -2.1465833277556357e-10,
            "BoundingBox3D Orientation Quat Y": 1.4115175694939808e-09,
            "BoundingBox3D Orientation Quat Z": 0.015715735033154488,
            "BoundingBox3D Origin X": -15.76570987701416,
            "BoundingBox3D Origin Y": -4.360881328582764,
            "BoundingBox3D Origin Z": 0.7888492345809937,
            "ObjectId": 0,
            "ObjectType": "CAR",
            "Occluded": 0,
            "Relative Velocity X": -6.387761116027832,
            "Relative Velocity Y": 0.6118636131286621,
            "Relative Velocity Z": 0.014035820960998535,
            "Truncated": 0
        },
        {
            "ActorName": "VAN 03",
            "BoundingBox3D Extent X": 6.025586128234863,
            "BoundingBox3D Extent Y": 2.144934892654419,
            "BoundingBox3D Extent Z": 2.8196897506713867,
            "BoundingBox3D Orientation Quat W": 0.9999982714653015,
            "BoundingBox3D Orientation Quat X": 0,
            "BoundingBox3D Orientation Quat Y": 0,
            "BoundingBox3D Orientation Quat Z": -0.0018626912496984005,
            "BoundingBox3D Origin X": 47.951820373535156,
            "BoundingBox3D Origin Y": -4.227042198181152,
            "BoundingBox3D Origin Z": 1.266259789466858,
            "ObjectId": 3,
            "ObjectType": "VAN",
            "Occluded": 0,
            "Relative Velocity X": -4.9940643310546875,
            "Relative Velocity Y": -0.11289548873901367,
            "Relative Velocity Z": -0.023787498474121094,
            "Truncated": 0
        }
    ],
    "Timestamp": "4833789581000"
}