{
    "CapturedObjects": [
        {
            "ActorName": "CAR 04",
            "BoundingBox3D Extent X": 4.7388153076171875,
            "BoundingBox3D Extent Y": 2.0734503269195557,
            "BoundingBox3D Extent Z": 1.95722234249115,
            "BoundingBox3D Orientation Quat W": 1,
            "BoundingBox3D Orientation Quat X": 0,
            "BoundingBox3D Orientation Quat Y": 0,
            "BoundingBox3D Orientation Quat Z": 0,
            "BoundingBox3D Origin X": 116.24150085449219,
            "BoundingBox3D Origin Y": -5.474359035491943,
            "BoundingBox3D Origin Z": 0.45910781621932983,
            "ObjectId": 4,
            "ObjectType": "CAR",
            "Occluded": 0,
            "Relative Velocity X": -1.4747161865234375,
            "Relative Velocity Y": -0.46915245056152344,
            "Relative Velocity Z": 0.02480250597000122,
            "Truncated": 0
        },
        {
            "ActorName": "TRUCK 05",
            "BoundingBox3D Extent X": 16.6685791015625,
            "BoundingBox3D Extent Y": 2.8649961948394775,
            "BoundingBox3D Extent Z": 3.925795555114746,
            "BoundingBox3D Orientation Quat W": 0.9999970197677612,
            "BoundingBox3D Orientation Quat X": -1.1301055202750376e-08,
            "BoundingBox3D Orientation Quat Y": 5.282283268570609e-07,
            "BoundingBox3D Orientation Quat Z": 0.002457574475556612,
            "BoundingBox3D Origin X": -92.6690444946289,
            "BoundingBox3D Origin Y": -2.9985709190368652,
            "BoundingBox3D Origin Z": 2.083526849746704,
            "ObjectId": 5,
            "ObjectType": "TRUCK",
            "Occluded": 0,
            "Relative Velocity X": -5.956871032714844,
            "Relative Velocity Y": -0.22776198387145996,
            "Relative Velocity Z": 0.048789262771606445,
            "Truncated": 0
        },
        {
            "ActorName": "CAR 06",
            "BoundingBox3D Extent X": 5.29120397567749,
            "BoundingBox3D Extent Y": 2.0086662769317627,
            "BoundingBox3D Extent Z": 1.513735055923462,
            "BoundingBox3D Orientation Quat W": 0.9999998807907104,
            "BoundingBox3D Orientation Quat X": -1.9145121044061852e-08,
            "BoundingBox3D Orientation Quat Y": 1.4756928123915714e-08,
            "BoundingBox3D Orientation Quat Z": 0.0005481551052071154,
            "BoundingBox3D Origin X": -68.17080688476562,
            "BoundingBox3D Origin Y": 0.1547532081604004,
            "BoundingBox3D Origin Z": 0.7606877684593201,
            "ObjectId": 6,
            "ObjectType": "CAR",
            "Occluded": 0,
            "Relative Velocity X": -1.8892440795898438,
            "Relative Velocity Y": -0.12364983558654785,
            "Relative Velocity Z": -5.960464477539063e-08,
            "Truncated": 0
        },
        {
            "ActorName": "CAR 07",
            "BoundingBox3D Extent X": 5.167489051818848,
            "BoundingBox3D Extent Y": 2.1132826805114746,
            "BoundingBox3D Extent Z": 1.606276035308838,
            "BoundingBox3D Orientation Quat W": 0.9999985694885254,
            "BoundingBox3D Orientation Quat X": 0,
            "BoundingBox3D Orientation Quat Y": 0,
            "BoundingBox3D Orientation Quat Z": -0.001747680245898664,
            "BoundingBox3D Origin X": -73.88518524169922,
            "BoundingBox3D Origin Y": -6.108140468597412,
            "BoundingBox3D Origin Z": 0.8418395519256592,
            "ObjectId": 7,
            "ObjectType": "CAR",
            "Occluded": 0,
            "Relative Velocity X": -1.7915802001953125,
            "Relative Velocity Y": 0.6010837554931641,
            "Relative Velocity Z": -0.03955495357513428,
            "Truncated": 0
        },
        {
            "ActorName": "CAR 02",
            "BoundingBox3D Extent X": 3.9690420627593994,
            "BoundingBox3D Extent Y": 1.7145068645477295,
            "BoundingBox3D Extent Z": 1.554603934288025,
            "BoundingBox3D Orientation Quat W": 0.9998376369476318,
            "BoundingBox3D Orientation Quat X": -1.2968027762738643e-09,
            "BoundingBox3D Orientation Quat Y": 7.052455147649184e-11,
            "BoundingBox3D Orientation Quat Z": 0.01802561618387699,
            "BoundingBox3D Origin X": 63.04157257080078,
            "BoundingBox3D Origin Y": -6.862803936004639,
            "BoundingBox3D Origin Z": 0.579872727394104,
            "ObjectId": 2,
            "ObjectType": "CAR",
            "Occluded": 0,
            "Relative Velocity X": 3.502471923828125,
            "Relative Velocity Y": 1.1541013717651367,
            "Relative Velocity Z": -0.01158285140991211,
            "Truncated": 0
        },
        {
            "ActorName": "VAN 01",
            "BoundingBox3D Extent X": 5.291935443878174,
            "BoundingBox3D Extent Y": 2.1456520557403564,
            "BoundingBox3D Extent Z": 2.0940957069396973,
            "BoundingBox3D Orientation Quat W": 0.9999991655349731,
            "BoundingBox3D Orientation Quat X": -2.4029733758368366e-09,
            "BoundingBox3D Orientation Quat Y": -4.0175596183189555e-09,
            "BoundingBox3D Orientation Quat Z": 0.0012678410857915878,
            "BoundingBox3D Origin X": 0.46862542629241943,
            "BoundingBox3D Origin Y": -4.062170028686523,
            "BoundingBox3D Origin Z": 1.0472161769866943,
            "ObjectId": 1,
            "ObjectType": "VAN",
            "Occluded": 0,
            "Relative Velocity X": -6.178289413452148,
            "Relative Velocity Y": 0.058564186096191406,
            "Relative Velocity Z": 0.0101701021194458,
            "Truncated": 0
        },
        {
            "ActorName": "CAR 00",
            "BoundingBox3D Extent X": 4.348998546600342,
            "BoundingBox3D Extent Y": 1.8762915134429932,
            "BoundingBox3D Extent Z": 1.5220270156860352,
            "BoundingBox3D Orientation Quat W": 0.9997819066047668,
            "BoundingBox3D Orientation Quat X": 5.349520271202834e-10,
            "BoundingBox3D Orientation Quat Y": -9.970070102838235e-09,
            "BoundingBox3D Orientation Quat Z": 0.02088434249162674,
            "BoundingBox3D Origin X": -12.764741897583008,
            "BoundingBox3D Origin Y": -4.740133762359619,
            "BoundingBox3D Origin Z": 0.7854655981063843,
            "ObjectId": 0,
            "ObjectType": "CAR",
            "Occluded": 0,
            "Relative Velocity X": -6.44573974609375,
            "Relative Velocity Y": 0.8814773559570312,
            "Relative Velocity Z": 0.004928648471832275,
            "Truncated": 0
        },
        {
            "ActorName": "VAN 03",
            "BoundingBox3D Extent X": 6.0255866050720215,
            "BoundingBox3D Extent Y": 2.144935131072998,
            "BoundingBox3D Extent Z": 2.8196897506713867,
            "BoundingBox3D Orientation Quat W": 0.9999930262565613,
            "BoundingBox3D Orientation Quat X": 0,
            "BoundingBox3D Orientation Quat Y": 0,
            "BoundingBox3D Orientation Quat Z": 0.003757140599191189,
            "BoundingBox3D Origin X": 50.26991653442383,
            "BoundingBox3D Origin Y": -4.170587539672852,
            "BoundingBox3D Origin Z": 1.2851026058197021,
            "ObjectId": 3,
            "ObjectType": "VAN",
            "Occluded": 0,
            "Relative Velocity X": -4.9649200439453125,
            "Relative Velocity Y": -0.1217961311340332,
            "Relative Velocity Z": -0.04205644130706787,
            "Truncated": 0
        }
    ],
    "Timestamp": "4833322920000"
}