{
    "CapturedObjects": [
        {
            "ActorName": "CAR 04",
            "BoundingBox3D Extent X": 4.7388153076171875,
            "BoundingBox3D Extent Y": 2.0734503269195557,
            "BoundingBox3D Extent Z": 1.95722234249115,
            "BoundingBox3D Orientation Quat W": 1,
            "BoundingBox3D Orientation Quat X": 0,
            "BoundingBox3D Orientation Quat Y": 0,
            "BoundingBox3D Orientation Quat Z": 0,
            "BoundingBox3D Origin X": 112.78510284423828,
            "BoundingBox3D Origin Y": -6.791112899780273,
            "BoundingBox3D Origin Z": 0.3265530467033386,
            "ObjectId": 4,
            "ObjectType": "CAR",
            "Occluded": 0,
            "Relative Velocity X": -1.0818710327148438,
            "Relative Velocity Y": -0.3556632995605469,
            "Relative Velocity Z": 0,
            "Truncated": 0
        },
        {
            "ActorName": "TRUCK 05",
            "BoundingBox3D Extent X": 16.6685791015625,
            "BoundingBox3D Extent Y": 2.8649961948394775,
            "BoundingBox3D Extent Z": 3.925795555114746,
            "BoundingBox3D Orientation Quat W": 0.9999755620956421,
            "BoundingBox3D Orientation Quat X": 2.8123519069112035e-09,
            "BoundingBox3D Orientation Quat Y": 6.375013867909729e-07,
            "BoundingBox3D Orientation Quat Z": -0.0070219747722148895,
            "BoundingBox3D Origin X": -107.6807632446289,
            "BoundingBox3D Origin Y": -3.33707594871521,
            "BoundingBox3D Origin Z": 2.1793251037597656,
            "ObjectId": 5,
            "ObjectType": "TRUCK",
            "Occluded": 0,
            "Relative Velocity X": -6.00177001953125,
            "Relative Velocity Y": -0.17895174026489258,
            "Relative Velocity Z": 0.10602855682373047,
            "Truncated": 0
        },
        {
            "ActorName": "CAR 06",
            "BoundingBox3D Extent X": 5.29120397567749,
            "BoundingBox3D Extent Y": 2.0086662769317627,
            "BoundingBox3D Extent Z": 1.5137351751327515,
            "BoundingBox3D Orientation Quat W": -0.9999898672103882,
            "BoundingBox3D Orientation Quat X": -7.375084098981688e-09,
            "BoundingBox3D Orientation Quat Y": 3.9342939572861724e-08,
            "BoundingBox3D Orientation Quat Z": -0.004512726329267025,
            "BoundingBox3D Origin X": -73.18952941894531,
            "BoundingBox3D Origin Y": -0.22879773378372192,
            "BoundingBox3D Origin Z": 0.7606876492500305,
            "ObjectId": 6,
            "ObjectType": "CAR",
            "Occluded": 0,
            "Relative Velocity X": -2.207122802734375,
            "Relative Velocity Y": -0.3572213053703308,
            "Relative Velocity Z": -1.1920928955078125e-07,
            "Truncated": 0
        },
        {
            "ActorName": "CAR 07",
            "BoundingBox3D Extent X": 5.167489051818848,
            "BoundingBox3D Extent Y": 2.1132826805114746,
            "BoundingBox3D Extent Z": 1.6062761545181274,
            "BoundingBox3D Orientation Quat W": 0.9999985694885254,
            "BoundingBox3D Orientation Quat X": 0,
            "BoundingBox3D Orientation Quat Y": 0,
            "BoundingBox3D Orientation Quat Z": -0.001747680245898664,
            "BoundingBox3D Origin X": -78.96820831298828,
            "BoundingBox3D Origin Y": -4.742669105529785,
            "BoundingBox3D Origin Z": 0.8260172605514526,
            "ObjectId": 7,
            "ObjectType": "CAR",
            "Occluded": 0,
            "Relative Velocity X": -1.7924423217773438,
            "Relative Velocity Y": 0.25001096725463867,
            "Relative Velocity Z": 0,
            "Truncated": 0
        },
        {
            "ActorName": "CAR 02",
            "BoundingBox3D Extent X": 3.9690423011779785,
            "BoundingBox3D Extent Y": 1.7145068645477295,
            "BoundingBox3D Extent Z": 1.554603934288025,
            "BoundingBox3D Orientation Quat W": 0.9999929070472717,
            "BoundingBox3D Orientation Quat X": -4.542338949420355e-09,
            "BoundingBox3D Orientation Quat Y": 7.976245774976576e-10,
            "BoundingBox3D Orientation Quat Z": -0.0037512779235839844,
            "BoundingBox3D Origin X": 71.82307434082031,
            "BoundingBox3D Origin Y": -5.105772495269775,
            "BoundingBox3D Origin Z": 0.5343233942985535,
            "ObjectId": 2,
            "ObjectType": "CAR",
            "Occluded": 0,
            "Relative Velocity X": 3.2661361694335938,
            "Relative Velocity Y": 0.12120342254638672,
            "Relative Velocity Z": 0.04019731283187866,
            "Truncated": 0
        },
        {
            "ActorName": "VAN 01",
            "BoundingBox3D Extent X": 5.291935920715332,
            "BoundingBox3D Extent Y": 2.1456520557403564,
            "BoundingBox3D Extent Z": 2.0940957069396973,
            "BoundingBox3D Orientation Quat W": 0.9999991655349731,
            "BoundingBox3D Orientation Quat X": -2.4029733758368366e-09,
            "BoundingBox3D Orientation Quat Y": -4.0175596183189555e-09,
            "BoundingBox3D Orientation Quat Z": 0.0012678410857915878,
            "BoundingBox3D Origin X": -15.135379791259766,
            "BoundingBox3D Origin Y": -3.984591007232666,
            "BoundingBox3D Origin Z": 1.071711778640747,
            "ObjectId": 1,
            "ObjectType": "VAN",
            "Occluded": 0,
            "Relative Velocity X": -6.367605209350586,
            "Relative Velocity Y": 0.057763099670410156,
            "Relative Velocity Z": 0.02935349941253662,
            "Truncated": 0
        },
        {
            "ActorName": "CAR 00",
            "BoundingBox3D Extent X": 4.348998546600342,
            "BoundingBox3D Extent Y": 1.8762915134429932,
            "BoundingBox3D Extent Z": 1.5220270156860352,
            "BoundingBox3D Orientation Quat W": 0.9999791383743286,
            "BoundingBox3D Orientation Quat X": 1.97077243413446e-09,
            "BoundingBox3D Orientation Quat Y": -3.8015573328165075e-11,
            "BoundingBox3D Orientation Quat Z": 0.006494536995887756,
            "BoundingBox3D Origin X": -28.73594856262207,
            "BoundingBox3D Origin Y": -3.933633804321289,
            "BoundingBox3D Origin Z": 0.8493794202804565,
            "ObjectId": 0,
            "ObjectType": "CAR",
            "Occluded": 0,
            "Relative Velocity X": -6.451173782348633,
            "Relative Velocity Y": 0.025992393493652344,
            "Relative Velocity Z": -0.02218550443649292,
            "Truncated": 0
        },
        {
            "ActorName": "VAN 03",
            "BoundingBox3D Extent X": 6.0255866050720215,
            "BoundingBox3D Extent Y": 2.144935369491577,
            "BoundingBox3D Extent Z": 2.8196897506713867,
            "BoundingBox3D Orientation Quat W": 1,
            "BoundingBox3D Orientation Quat X": 0,
            "BoundingBox3D Orientation Quat Y": 0,
            "BoundingBox3D Orientation Quat Z": 8.14199447631836e-05,
            "BoundingBox3D Origin X": 37.849090576171875,
            "BoundingBox3D Origin Y": -4.562280654907227,
            "BoundingBox3D Origin Z": 1.2659145593643188,
            "ObjectId": 3,
            "ObjectType": "VAN",
            "Occluded": 0,
            "Relative Velocity X": -5.021968841552734,
            "Relative Velocity Y": -0.18355274200439453,
            "Relative Velocity Z": 0.051189541816711426,
            "Truncated": 0
        }
    ],
    "Timestamp": "4835789584000"
}