{
    "CapturedObjects": [
        {
            "ActorName": "CAR 04",
            "BoundingBox3D Extent X": 4.7388153076171875,
            "BoundingBox3D Extent Y": 2.0734503269195557,
            "BoundingBox3D Extent Z": 1.9572224617004395,
            "BoundingBox3D Orientation Quat W": 1,
            "BoundingBox3D Orientation Quat X": 0,
            "BoundingBox3D Orientation Quat Y": 0,
            "BoundingBox3D Orientation Quat Z": 0,
            "BoundingBox3D Origin X": 115.94745635986328,
            "BoundingBox3D Origin Y": -5.5642290115356445,
            "BoundingBox3D Origin Z": 0.4679585099220276,
            "ObjectId": 4,
            "ObjectType": "CAR",
            "Occluded": 0,
            "Relative Velocity X": -1.4835205078125,
            "Relative Velocity Y": -0.5086917877197266,
            "Relative Velocity Z": -0.01409769058227539,
            "Truncated": 0
        },
        {
            "ActorName": "TRUCK 05",
            "BoundingBox3D Extent X": 16.6685791015625,
            "BoundingBox3D Extent Y": 2.8649961948394775,
            "BoundingBox3D Extent Z": 3.925795555114746,
            "BoundingBox3D Orientation Quat W": 0.9999951720237732,
            "BoundingBox3D Orientation Quat X": -1.497895851798603e-08,
            "BoundingBox3D Orientation Quat Y": 6.639956495746446e-07,
            "BoundingBox3D Orientation Quat Z": 0.0031157159246504307,
            "BoundingBox3D Origin X": -93.85414123535156,
            "BoundingBox3D Origin Y": -3.0538434982299805,
            "BoundingBox3D Origin Z": 2.0981621742248535,
            "ObjectId": 5,
            "ObjectType": "TRUCK",
            "Occluded": 0,
            "Relative Velocity X": -5.994087219238281,
            "Relative Velocity Y": -0.16942095756530762,
            "Relative Velocity Z": 0.019517898559570312,
            "Truncated": 0
        },
        {
            "ActorName": "CAR 06",
            "BoundingBox3D Extent X": 5.29120397567749,
            "BoundingBox3D Extent Y": 2.0086662769317627,
            "BoundingBox3D Extent Z": 1.513735055923462,
            "BoundingBox3D Orientation Quat W": 0.9999969005584717,
            "BoundingBox3D Orientation Quat X": -2.069617721645045e-08,
            "BoundingBox3D Orientation Quat Y": 1.6057088103593742e-08,
            "BoundingBox3D Orientation Quat Z": 0.0024892643559724092,
            "BoundingBox3D Origin X": -68.54312896728516,
            "BoundingBox3D Origin Y": 0.12523481249809265,
            "BoundingBox3D Origin Z": 0.7606877684593201,
            "ObjectId": 6,
            "ObjectType": "CAR",
            "Occluded": 0,
            "Relative Velocity X": -1.9223098754882812,
            "Relative Velocity Y": -0.09490768611431122,
            "Relative Velocity Z": 0,
            "Truncated": 0
        },
        {
            "ActorName": "CAR 07",
            "BoundingBox3D Extent X": 5.167489051818848,
            "BoundingBox3D Extent Y": 2.1132826805114746,
            "BoundingBox3D Extent Z": 1.606276035308838,
            "BoundingBox3D Orientation Quat W": 0.9999985694885254,
            "BoundingBox3D Orientation Quat X": 0,
            "BoundingBox3D Orientation Quat Y": 0,
            "BoundingBox3D Orientation Quat Z": -0.001747680245898664,
            "BoundingBox3D Origin X": -74.22139739990234,
            "BoundingBox3D Origin Y": -5.991421222686768,
            "BoundingBox3D Origin Z": 0.8323471546173096,
            "ObjectId": 7,
            "ObjectType": "CAR",
            "Occluded": 0,
            "Relative Velocity X": -1.9240570068359375,
            "Relative Velocity Y": 0.6220250129699707,
            "Relative Velocity Z": -0.030062556266784668,
            "Truncated": 0
        },
        {
            "ActorName": "CAR 02",
            "BoundingBox3D Extent X": 3.9690420627593994,
            "BoundingBox3D Extent Y": 1.7145068645477295,
            "BoundingBox3D Extent Z": 1.554603934288025,
            "BoundingBox3D Orientation Quat W": 0.9998131990432739,
            "BoundingBox3D Orientation Quat X": -1.111559178035293e-09,
            "BoundingBox3D Orientation Quat Y": 6.045035999546755e-11,
            "BoundingBox3D Orientation Quat Z": 0.019328679889440536,
            "BoundingBox3D Origin X": 63.74202346801758,
            "BoundingBox3D Origin Y": -6.6319990158081055,
            "BoundingBox3D Origin Z": 0.5775562524795532,
            "ObjectId": 2,
            "ObjectType": "CAR",
            "Occluded": 0,
            "Relative Velocity X": 3.5024681091308594,
            "Relative Velocity Y": 1.1541013717651367,
            "Relative Velocity Z": -0.011582911014556885,
            "Truncated": 0
        },
        {
            "ActorName": "VAN 01",
            "BoundingBox3D Extent X": 5.291935443878174,
            "BoundingBox3D Extent Y": 2.1456520557403564,
            "BoundingBox3D Extent Z": 2.0940957069396973,
            "BoundingBox3D Orientation Quat W": 0.9999991655349731,
            "BoundingBox3D Orientation Quat X": -2.4029733758368366e-09,
            "BoundingBox3D Orientation Quat Y": -4.0175596183189555e-09,
            "BoundingBox3D Orientation Quat Z": 0.0012678410857915878,
            "BoundingBox3D Origin X": -0.758907675743103,
            "BoundingBox3D Origin Y": -4.048825263977051,
            "BoundingBox3D Origin Z": 1.0515556335449219,
            "ObjectId": 1,
            "ObjectType": "VAN",
            "Occluded": 0,
            "Relative Velocity X": -6.226558685302734,
            "Relative Velocity Y": 0.04876708984375,
            "Relative Velocity Z": -0.003664374351501465,
            "Truncated": 0
        },
        {
            "ActorName": "CAR 00",
            "BoundingBox3D Extent X": 4.348998546600342,
            "BoundingBox3D Extent Y": 1.8762915134429932,
            "BoundingBox3D Extent Z": 1.5220270156860352,
            "BoundingBox3D Orientation Quat W": 0.9998210668563843,
            "BoundingBox3D Orientation Quat X": 2.1401327932046854e-10,
            "BoundingBox3D Orientation Quat Y": -3.988632535367742e-09,
            "BoundingBox3D Orientation Quat Z": 0.018913568928837776,
            "BoundingBox3D Origin X": -14.057948112487793,
            "BoundingBox3D Origin Y": -4.544593334197998,
            "BoundingBox3D Origin Z": 0.7858008146286011,
            "ObjectId": 0,
            "ObjectType": "CAR",
            "Occluded": 0,
            "Relative Velocity X": -6.420893669128418,
            "Relative Velocity Y": 0.76593017578125,
            "Relative Velocity Z": 0.008831620216369629,
            "Truncated": 0
        },
        {
            "ActorName": "VAN 03",
            "BoundingBox3D Extent X": 6.025586128234863,
            "BoundingBox3D Extent Y": 2.144935131072998,
            "BoundingBox3D Extent Z": 2.8196897506713867,
            "BoundingBox3D Orientation Quat W": 0.9999997019767761,
            "BoundingBox3D Orientation Quat X": 0,
            "BoundingBox3D Orientation Quat Y": 0,
            "BoundingBox3D Orientation Quat Z": 0.0008779087220318615,
            "BoundingBox3D Origin X": 49.27824783325195,
            "BoundingBox3D Origin Y": -4.195327281951904,
            "BoundingBox3D Origin Z": 1.2759088277816772,
            "ObjectId": 3,
            "ObjectType": "VAN",
            "Occluded": 0,
            "Relative Velocity X": -4.977413177490234,
            "Relative Velocity Y": -0.1179814338684082,
            "Relative Velocity Z": -0.03422689437866211,
            "Truncated": 0
        }
    ],
    "Timestamp": "4833522907000"
}