{
    "CapturedObjects": [
        {
            "ActorName": "CAR 04",
            "BoundingBox3D Extent X": 4.7388153076171875,
            "BoundingBox3D Extent Y": 2.0734503269195557,
            "BoundingBox3D Extent Z": 1.9572222232818604,
            "BoundingBox3D Orientation Quat W": 1,
            "BoundingBox3D Orientation Quat X": 0,
            "BoundingBox3D Orientation Quat Y": 0,
            "BoundingBox3D Orientation Quat Z": 0,
            "BoundingBox3D Origin X": 113.7944107055664,
            "BoundingBox3D Origin Y": -6.427093505859375,
            "BoundingBox3D Origin Z": 0.32655301690101624,
            "ObjectId": 4,
            "ObjectType": "CAR",
            "Occluded": 0,
            "Relative Velocity X": -1.3443450927734375,
            "Relative Velocity Y": -0.5129694938659668,
            "Relative Velocity Z": -0.035061269998550415,
            "Truncated": 0
        },
        {
            "ActorName": "TRUCK 05",
            "BoundingBox3D Extent X": 16.6685791015625,
            "BoundingBox3D Extent Y": 2.8649961948394775,
            "BoundingBox3D Extent Z": 3.925795555114746,
            "BoundingBox3D Orientation Quat W": 0.9999715685844421,
            "BoundingBox3D Orientation Quat X": 1.916219183328849e-09,
            "BoundingBox3D Orientation Quat Y": 2.931350309154368e-07,
            "BoundingBox3D Orientation Quat Z": -0.007556519936770201,
            "BoundingBox3D Origin X": -102.82122802734375,
            "BoundingBox3D Origin Y": -3.1660091876983643,
            "BoundingBox3D Origin Z": 2.082934856414795,
            "ObjectId": 5,
            "ObjectType": "TRUCK",
            "Occluded": 0,
            "Relative Velocity X": -6.181434631347656,
            "Relative Velocity Y": -0.2240757942199707,
            "Relative Velocity Z": 0.10828757286071777,
            "Truncated": 0
        },
        {
            "ActorName": "CAR 06",
            "BoundingBox3D Extent X": 5.29120397567749,
            "BoundingBox3D Extent Y": 2.0086662769317627,
            "BoundingBox3D Extent Z": 1.513735055923462,
            "BoundingBox3D Orientation Quat W": 0.9999840259552002,
            "BoundingBox3D Orientation Quat X": 2.840045976171268e-09,
            "BoundingBox3D Orientation Quat Y": -1.3391483477676047e-08,
            "BoundingBox3D Orientation Quat Z": -0.005630989093333483,
            "BoundingBox3D Origin X": -71.50701904296875,
            "BoundingBox3D Origin Y": 0.009465854614973068,
            "BoundingBox3D Origin Z": 0.7606877088546753,
            "ObjectId": 6,
            "ObjectType": "CAR",
            "Occluded": 0,
            "Relative Velocity X": -2.059478759765625,
            "Relative Velocity Y": -0.2311575561761856,
            "Relative Velocity Z": -1.1920928955078125e-07,
            "Truncated": 0
        },
        {
            "ActorName": "CAR 07",
            "BoundingBox3D Extent X": 5.167489051818848,
            "BoundingBox3D Extent Y": 2.1132826805114746,
            "BoundingBox3D Extent Z": 1.606276035308838,
            "BoundingBox3D Orientation Quat W": 0.9999985694885254,
            "BoundingBox3D Orientation Quat X": 0,
            "BoundingBox3D Orientation Quat Y": 0,
            "BoundingBox3D Orientation Quat Z": -0.001747680245898664,
            "BoundingBox3D Origin X": -77.43995666503906,
            "BoundingBox3D Origin Y": -5.069958209991455,
            "BoundingBox3D Origin Z": 0.8260172605514526,
            "ObjectId": 7,
            "ObjectType": "CAR",
            "Occluded": 0,
            "Relative Velocity X": -2.0175857543945312,
            "Relative Velocity Y": 0.502997875213623,
            "Relative Velocity Z": 0,
            "Truncated": 0
        },
        {
            "ActorName": "CAR 02",
            "BoundingBox3D Extent X": 3.9690418243408203,
            "BoundingBox3D Extent Y": 1.7145068645477295,
            "BoundingBox3D Extent Z": 1.554603934288025,
            "BoundingBox3D Orientation Quat W": 0.9998264312744141,
            "BoundingBox3D Orientation Quat X": -1.2528302839598382e-09,
            "BoundingBox3D Orientation Quat Y": 2.2839900803983681e-10,
            "BoundingBox3D Orientation Quat Z": 0.018631868064403534,
            "BoundingBox3D Origin X": 68.92668914794922,
            "BoundingBox3D Origin Y": -5.211382865905762,
            "BoundingBox3D Origin Z": 0.5540857911109924,
            "ObjectId": 2,
            "ObjectType": "CAR",
            "Occluded": 0,
            "Relative Velocity X": 3.6397476196289062,
            "Relative Velocity Y": 0.3719363212585449,
            "Relative Velocity Z": -0.030220091342926025,
            "Truncated": 0
        },
        {
            "ActorName": "VAN 01",
            "BoundingBox3D Extent X": 5.291935443878174,
            "BoundingBox3D Extent Y": 2.1456520557403564,
            "BoundingBox3D Extent Z": 2.0940957069396973,
            "BoundingBox3D Orientation Quat W": 0.9999991655349731,
            "BoundingBox3D Orientation Quat X": -2.4029733758368366e-09,
            "BoundingBox3D Orientation Quat Y": -4.0175596183189555e-09,
            "BoundingBox3D Orientation Quat Z": 0.0012678410857915878,
            "BoundingBox3D Origin X": -10.065486907958984,
            "BoundingBox3D Origin Y": -4.01300048828125,
            "BoundingBox3D Origin Z": 1.0281254053115845,
            "ObjectId": 1,
            "ObjectType": "VAN",
            "Occluded": 0,
            "Relative Velocity X": -6.335296154022217,
            "Relative Velocity Y": 0.025927066802978516,
            "Relative Velocity Z": 0.04496753215789795,
            "Truncated": 0
        },
        {
            "ActorName": "CAR 00",
            "BoundingBox3D Extent X": 4.348998546600342,
            "BoundingBox3D Extent Y": 1.8762915134429932,
            "BoundingBox3D Extent Z": 1.5220270156860352,
            "BoundingBox3D Orientation Quat W": 0.999992311000824,
            "BoundingBox3D Orientation Quat X": -3.1552921386790445e-10,
            "BoundingBox3D Orientation Quat Y": 7.044357097640841e-09,
            "BoundingBox3D Orientation Quat Z": 0.003907346166670322,
            "BoundingBox3D Origin X": -23.471282958984375,
            "BoundingBox3D Origin Y": -3.9870877265930176,
            "BoundingBox3D Origin Z": 0.8241331577301025,
            "ObjectId": 0,
            "ObjectType": "CAR",
            "Occluded": 0,
            "Relative Velocity X": -6.579565048217773,
            "Relative Velocity Y": 0.13449716567993164,
            "Relative Velocity Z": 0.04582482576370239,
            "Truncated": 0
        },
        {
            "ActorName": "VAN 03",
            "BoundingBox3D Extent X": 6.025586128234863,
            "BoundingBox3D Extent Y": 2.144935131072998,
            "BoundingBox3D Extent Z": 2.8196897506713867,
            "BoundingBox3D Orientation Quat W": 1,
            "BoundingBox3D Orientation Quat X": 0,
            "BoundingBox3D Orientation Quat Y": 0,
            "BoundingBox3D Orientation Quat Z": 8.14199447631836e-05,
            "BoundingBox3D Origin X": 41.90951919555664,
            "BoundingBox3D Origin Y": -4.3853864669799805,
            "BoundingBox3D Origin Z": 1.2598921060562134,
            "ObjectId": 3,
            "ObjectType": "VAN",
            "Occluded": 0,
            "Relative Velocity X": -5.069877624511719,
            "Relative Velocity Y": -0.1988992691040039,
            "Relative Velocity Z": -0.0015919208526611328,
            "Truncated": 0
        }
    ],
    "Timestamp": "4834989580000"
}