{
    "CapturedObjects": [
        {
            "ActorName": "CAR 04",
            "BoundingBox3D Extent X": 4.7388153076171875,
            "BoundingBox3D Extent Y": 2.0734503269195557,
            "BoundingBox3D Extent Z": 1.95722234249115,
            "BoundingBox3D Orientation Quat W": 1,
            "BoundingBox3D Orientation Quat X": 0,
            "BoundingBox3D Orientation Quat Y": 0,
            "BoundingBox3D Orientation Quat Z": 0,
            "BoundingBox3D Origin X": 112.72372436523438,
            "BoundingBox3D Origin Y": -6.8088836669921875,
            "BoundingBox3D Origin Z": 0.32655301690101624,
            "ObjectId": 4,
            "ObjectType": "CAR",
            "Occluded": 0,
            "Relative Velocity X": -1.0570831298828125,
            "Relative Velocity Y": -0.34195995330810547,
            "Relative Velocity Z": 0,
            "Truncated": 0
        },
        {
            "ActorName": "TRUCK 05",
            "BoundingBox3D Extent X": 16.6685791015625,
            "BoundingBox3D Extent Y": 2.8649961948394775,
            "BoundingBox3D Extent Z": 3.925795555114746,
            "BoundingBox3D Orientation Quat W": 0.9999755620956421,
            "BoundingBox3D Orientation Quat X": 2.8123519069112035e-09,
            "BoundingBox3D Orientation Quat Y": 6.375013867909729e-07,
            "BoundingBox3D Orientation Quat Z": -0.0070219747722148895,
            "BoundingBox3D Origin X": -108.04537963867188,
            "BoundingBox3D Origin Y": -3.3319549560546875,
            "BoundingBox3D Origin Z": 2.179325580596924,
            "ObjectId": 5,
            "ObjectType": "TRUCK",
            "Occluded": 0,
            "Relative Velocity X": -5.904998779296875,
            "Relative Velocity Y": -0.13245058059692383,
            "Relative Velocity Z": 0.08675289154052734,
            "Truncated": 0
        },
        {
            "ActorName": "CAR 06",
            "BoundingBox3D Extent X": 5.29120397567749,
            "BoundingBox3D Extent Y": 2.0086662769317627,
            "BoundingBox3D Extent Z": 1.513735055923462,
            "BoundingBox3D Orientation Quat W": -0.9999898672103882,
            "BoundingBox3D Orientation Quat X": -7.375084098981688e-09,
            "BoundingBox3D Orientation Quat Y": 3.9342939572861724e-08,
            "BoundingBox3D Orientation Quat Z": -0.004512726329267025,
            "BoundingBox3D Origin X": -73.34210968017578,
            "BoundingBox3D Origin Y": -0.25572216510772705,
            "BoundingBox3D Origin Z": 0.7606876492500305,
            "ObjectId": 6,
            "ObjectType": "CAR",
            "Occluded": 0,
            "Relative Velocity X": -2.2219924926757812,
            "Relative Velocity Y": -0.3657059073448181,
            "Relative Velocity Z": -1.1920928955078125e-07,
            "Truncated": 0
        },
        {
            "ActorName": "CAR 07",
            "BoundingBox3D Extent X": 5.167489051818848,
            "BoundingBox3D Extent Y": 2.1132826805114746,
            "BoundingBox3D Extent Z": 1.606276035308838,
            "BoundingBox3D Orientation Quat W": 0.9999985694885254,
            "BoundingBox3D Orientation Quat X": 0,
            "BoundingBox3D Orientation Quat Y": 0,
            "BoundingBox3D Orientation Quat Z": -0.001747680245898664,
            "BoundingBox3D Origin X": -79.0815200805664,
            "BoundingBox3D Origin Y": -4.734334945678711,
            "BoundingBox3D Origin Z": 0.8260172605514526,
            "ObjectId": 7,
            "ObjectType": "CAR",
            "Occluded": 0,
            "Relative Velocity X": -1.7756118774414062,
            "Relative Velocity Y": 0.22728443145751953,
            "Relative Velocity Z": 0,
            "Truncated": 0
        },
        {
            "ActorName": "CAR 02",
            "BoundingBox3D Extent X": 3.9690418243408203,
            "BoundingBox3D Extent Y": 1.7145068645477295,
            "BoundingBox3D Extent Z": 1.554603934288025,
            "BoundingBox3D Orientation Quat W": 0.9999962449073792,
            "BoundingBox3D Orientation Quat X": -4.387176844034002e-09,
            "BoundingBox3D Orientation Quat Y": 7.388668010754884e-10,
            "BoundingBox3D Orientation Quat Z": -0.002712458837777376,
            "BoundingBox3D Origin X": 72.01962280273438,
            "BoundingBox3D Origin Y": -5.0983381271362305,
            "BoundingBox3D Origin Z": 0.540881872177124,
            "ObjectId": 2,
            "ObjectType": "CAR",
            "Occluded": 0,
            "Relative Velocity X": 3.217254638671875,
            "Relative Velocity Y": 0.11971282958984375,
            "Relative Velocity Z": 0.049148499965667725,
            "Truncated": 0
        },
        {
            "ActorName": "VAN 01",
            "BoundingBox3D Extent X": 5.291935443878174,
            "BoundingBox3D Extent Y": 2.1456520557403564,
            "BoundingBox3D Extent Z": 2.0940957069396973,
            "BoundingBox3D Orientation Quat W": 0.9999991655349731,
            "BoundingBox3D Orientation Quat X": -2.4029733758368366e-09,
            "BoundingBox3D Orientation Quat Y": -4.0175596183189555e-09,
            "BoundingBox3D Orientation Quat Z": 0.0012678410857915878,
            "BoundingBox3D Origin X": -15.561450004577637,
            "BoundingBox3D Origin Y": -3.9795749187469482,
            "BoundingBox3D Origin Z": 1.072352409362793,
            "ObjectId": 1,
            "ObjectType": "VAN",
            "Occluded": 0,
            "Relative Velocity X": -6.371933937072754,
            "Relative Velocity Y": 0.060941457748413086,
            "Relative Velocity Z": 0.025763869285583496,
            "Truncated": 0
        },
        {
            "ActorName": "CAR 00",
            "BoundingBox3D Extent X": 4.348998546600342,
            "BoundingBox3D Extent Y": 1.8762915134429932,
            "BoundingBox3D Extent Z": 1.5220270156860352,
            "BoundingBox3D Orientation Quat W": 0.9999730587005615,
            "BoundingBox3D Orientation Quat X": 1.819192352314758e-09,
            "BoundingBox3D Orientation Quat Y": -3.509163445936103e-11,
            "BoundingBox3D Orientation Quat Z": 0.007348730228841305,
            "BoundingBox3D Origin X": -29.159217834472656,
            "BoundingBox3D Origin Y": -3.934039354324341,
            "BoundingBox3D Origin Z": 0.8450855016708374,
            "ObjectId": 0,
            "ObjectType": "CAR",
            "Occluded": 0,
            "Relative Velocity X": -6.432661056518555,
            "Relative Velocity Y": 0.020160436630249023,
            "Relative Velocity Z": -0.029862642288208008,
            "Truncated": 0
        },
        {
            "ActorName": "VAN 03",
            "BoundingBox3D Extent X": 6.0255866050720215,
            "BoundingBox3D Extent Y": 2.144935131072998,
            "BoundingBox3D Extent Z": 2.8196897506713867,
            "BoundingBox3D Orientation Quat W": 1,
            "BoundingBox3D Orientation Quat X": 0,
            "BoundingBox3D Orientation Quat Y": 0,
            "BoundingBox3D Orientation Quat Z": 8.14199447631836e-05,
            "BoundingBox3D Origin X": 37.51750564575195,
            "BoundingBox3D Origin Y": -4.572271823883057,
            "BoundingBox3D Origin Z": 1.2719365358352661,
            "ObjectId": 3,
            "ObjectType": "VAN",
            "Occluded": 0,
            "Relative Velocity X": -5.01458740234375,
            "Relative Velocity Y": -0.17837238311767578,
            "Relative Velocity Z": 0.05721151828765869,
            "Truncated": 0
        }
    ],
    "Timestamp": "4835856250000"
}