{
    "CapturedObjects": [
        {
            "ActorName": "CAR 04",
            "BoundingBox3D Extent X": 4.7388153076171875,
            "BoundingBox3D Extent Y": 2.0734503269195557,
            "BoundingBox3D Extent Z": 1.9572222232818604,
            "BoundingBox3D Orientation Quat W": 1,
            "BoundingBox3D Orientation Quat X": 0,
            "BoundingBox3D Orientation Quat Y": 0,
            "BoundingBox3D Orientation Quat Z": 0,
            "BoundingBox3D Origin X": 116.14347076416016,
            "BoundingBox3D Origin Y": -5.5043206214904785,
            "BoundingBox3D Origin Z": 0.46205854415893555,
            "ObjectId": 4,
            "ObjectType": "CAR",
            "Occluded": 0,
            "Relative Velocity X": -1.4776458740234375,
            "Relative Velocity Y": -0.4823341369628906,
            "Relative Velocity Z": 0.01183369755744934,
            "Truncated": 0
        },
        {
            "ActorName": "TRUCK 05",
            "BoundingBox3D Extent X": 16.6685791015625,
            "BoundingBox3D Extent Y": 2.8649961948394775,
            "BoundingBox3D Extent Z": 3.925795555114746,
            "BoundingBox3D Orientation Quat W": 0.999996542930603,
            "BoundingBox3D Orientation Quat X": -1.2527221926461607e-08,
            "BoundingBox3D Orientation Quat Y": 5.734914338972885e-07,
            "BoundingBox3D Orientation Quat Z": 0.0026769901160150766,
            "BoundingBox3D Origin X": -93.06414031982422,
            "BoundingBox3D Origin Y": -3.016998052597046,
            "BoundingBox3D Origin Z": 2.0884060859680176,
            "ObjectId": 5,
            "ObjectType": "TRUCK",
            "Occluded": 0,
            "Relative Velocity X": -5.969276428222656,
            "Relative Velocity Y": -0.2083120346069336,
            "Relative Velocity Z": 0.03903079032897949,
            "Truncated": 0
        },
        {
            "ActorName": "CAR 06",
            "BoundingBox3D Extent X": 5.29120397567749,
            "BoundingBox3D Extent Y": 2.0086662769317627,
            "BoundingBox3D Extent Z": 1.513735055923462,
            "BoundingBox3D Orientation Quat W": 0.9999993443489075,
            "BoundingBox3D Orientation Quat X": -1.966223095450914e-08,
            "BoundingBox3D Orientation Quat Y": 1.5190389390795644e-08,
            "BoundingBox3D Orientation Quat Z": 0.0011952957138419151,
            "BoundingBox3D Origin X": -68.29493713378906,
            "BoundingBox3D Origin Y": 0.14491215348243713,
            "BoundingBox3D Origin Z": 0.7606877684593201,
            "ObjectId": 6,
            "ObjectType": "CAR",
            "Occluded": 0,
            "Relative Velocity X": -1.9002761840820312,
            "Relative Velocity Y": -0.11406758427619934,
            "Relative Velocity Z": 0,
            "Truncated": 0
        },
        {
            "ActorName": "CAR 07",
            "BoundingBox3D Extent X": 5.167489051818848,
            "BoundingBox3D Extent Y": 2.1132826805114746,
            "BoundingBox3D Extent Z": 1.606276035308838,
            "BoundingBox3D Orientation Quat W": 0.9999985694885254,
            "BoundingBox3D Orientation Quat X": 0,
            "BoundingBox3D Orientation Quat Y": 0,
            "BoundingBox3D Orientation Quat Z": -0.001747680245898664,
            "BoundingBox3D Origin X": -73.99727630615234,
            "BoundingBox3D Origin Y": -6.069228172302246,
            "BoundingBox3D Origin Z": 0.8386749625205994,
            "ObjectId": 7,
            "ObjectType": "CAR",
            "Occluded": 0,
            "Relative Velocity X": -1.8357467651367188,
            "Relative Velocity Y": 0.6080646514892578,
            "Relative Velocity Z": -0.03639024496078491,
            "Truncated": 0
        },
        {
            "ActorName": "CAR 02",
            "BoundingBox3D Extent X": 3.9690423011779785,
            "BoundingBox3D Extent Y": 1.7145068645477295,
            "BoundingBox3D Extent Z": 1.554603934288025,
            "BoundingBox3D Orientation Quat W": 0.9998295903205872,
            "BoundingBox3D Orientation Quat X": -1.2350453992837629e-09,
            "BoundingBox3D Orientation Quat Y": 6.716596029354704e-11,
            "BoundingBox3D Orientation Quat Z": 0.018460044637322426,
            "BoundingBox3D Origin X": 63.27509689331055,
            "BoundingBox3D Origin Y": -6.785856246948242,
            "BoundingBox3D Origin Z": 0.5791004300117493,
            "ObjectId": 2,
            "ObjectType": "CAR",
            "Occluded": 0,
            "Relative Velocity X": 3.5024681091308594,
            "Relative Velocity Y": 1.1541013717651367,
            "Relative Velocity Z": -0.011582911014556885,
            "Truncated": 0
        },
        {
            "ActorName": "VAN 01",
            "BoundingBox3D Extent X": 5.291935443878174,
            "BoundingBox3D Extent Y": 2.1456520557403564,
            "BoundingBox3D Extent Z": 2.0940957069396973,
            "BoundingBox3D Orientation Quat W": 0.9999991655349731,
            "BoundingBox3D Orientation Quat X": -2.4029733758368366e-09,
            "BoundingBox3D Orientation Quat Y": -4.0175596183189555e-09,
            "BoundingBox3D Orientation Quat Z": 0.0012678410857915878,
            "BoundingBox3D Origin X": 0.05938243865966797,
            "BoundingBox3D Origin Y": -4.05772066116333,
            "BoundingBox3D Origin Z": 1.0486629009246826,
            "ObjectId": 1,
            "ObjectType": "VAN",
            "Occluded": 0,
            "Relative Velocity X": -6.1943817138671875,
            "Relative Velocity Y": 0.0552978515625,
            "Relative Velocity Z": 0.005558013916015625,
            "Truncated": 0
        },
        {
            "ActorName": "CAR 00",
            "BoundingBox3D Extent X": 4.348998546600342,
            "BoundingBox3D Extent Y": 1.8762915134429932,
            "BoundingBox3D Extent Z": 1.5220270156860352,
            "BoundingBox3D Orientation Quat W": 0.9997954368591309,
            "BoundingBox3D Orientation Quat X": 4.2795547661178546e-10,
            "BoundingBox3D Orientation Quat Y": -7.975940796711711e-09,
            "BoundingBox3D Orientation Quat Z": 0.020227322354912758,
            "BoundingBox3D Origin X": -13.195879936218262,
            "BoundingBox3D Origin Y": -4.674942970275879,
            "BoundingBox3D Origin Z": 0.7855772972106934,
            "ObjectId": 0,
            "ObjectType": "CAR",
            "Occluded": 0,
            "Relative Velocity X": -6.437457084655762,
            "Relative Velocity Y": 0.8429555892944336,
            "Relative Velocity Z": 0.006229877471923828,
            "Truncated": 0
        },
        {
            "ActorName": "VAN 03",
            "BoundingBox3D Extent X": 6.0255866050720215,
            "BoundingBox3D Extent Y": 2.144935131072998,
            "BoundingBox3D Extent Z": 2.8196897506713867,
            "BoundingBox3D Orientation Quat W": 0.9999961256980896,
            "BoundingBox3D Orientation Quat X": 0,
            "BoundingBox3D Orientation Quat Y": 0,
            "BoundingBox3D Orientation Quat Z": 0.0027972455136477947,
            "BoundingBox3D Origin X": 49.939308166503906,
            "BoundingBox3D Origin Y": -4.178835868835449,
            "BoundingBox3D Origin Z": 1.2820374965667725,
            "ObjectId": 3,
            "ObjectType": "VAN",
            "Occluded": 0,
            "Relative Velocity X": -4.969085693359375,
            "Relative Velocity Y": -0.12052488327026367,
            "Relative Velocity Z": -0.039446234703063965,
            "Truncated": 0
        }
    ],
    "Timestamp": "4833389579000"
}