{
    "CapturedObjects": [
        {
            "ActorName": "CAR 04",
            "BoundingBox3D Extent X": 4.7388153076171875,
            "BoundingBox3D Extent Y": 2.0734503269195557,
            "BoundingBox3D Extent Z": 1.9572222232818604,
            "BoundingBox3D Orientation Quat W": 1,
            "BoundingBox3D Orientation Quat X": 0,
            "BoundingBox3D Orientation Quat Y": 0,
            "BoundingBox3D Orientation Quat Z": 0,
            "BoundingBox3D Origin X": 112.5395736694336,
            "BoundingBox3D Origin Y": -6.8622026443481445,
            "BoundingBox3D Origin Z": 0.32655301690101624,
            "ObjectId": 4,
            "ObjectType": "CAR",
            "Occluded": 0,
            "Relative Velocity X": -0.982696533203125,
            "Relative Velocity Y": -0.30084657669067383,
            "Relative Velocity Z": 0,
            "Truncated": 0
        },
        {
            "ActorName": "CAR 06",
            "BoundingBox3D Extent X": 5.29120397567749,
            "BoundingBox3D Extent Y": 2.0086662769317627,
            "BoundingBox3D Extent Z": 1.513735055923462,
            "BoundingBox3D Orientation Quat W": -0.9999898672103882,
            "BoundingBox3D Orientation Quat X": -7.375084098981688e-09,
            "BoundingBox3D Orientation Quat Y": 3.9342939572861724e-08,
            "BoundingBox3D Orientation Quat Z": -0.004512726329267025,
            "BoundingBox3D Origin X": -73.79988861083984,
            "BoundingBox3D Origin Y": -0.3365010917186737,
            "BoundingBox3D Origin Z": 0.7606875896453857,
            "ObjectId": 6,
            "ObjectType": "CAR",
            "Occluded": 0,
            "Relative Velocity X": -2.2665634155273438,
            "Relative Velocity Y": -0.39116132259368896,
            "Relative Velocity Z": -1.7881393432617188e-07,
            "Truncated": 0
        },
        {
            "ActorName": "CAR 07",
            "BoundingBox3D Extent X": 5.167489051818848,
            "BoundingBox3D Extent Y": 2.1132826805114746,
            "BoundingBox3D Extent Z": 1.606276035308838,
            "BoundingBox3D Orientation Quat W": 0.9999985694885254,
            "BoundingBox3D Orientation Quat X": 0,
            "BoundingBox3D Orientation Quat Y": 0,
            "BoundingBox3D Orientation Quat Z": -0.001747680245898664,
            "BoundingBox3D Origin X": -79.42149353027344,
            "BoundingBox3D Origin Y": -4.709333419799805,
            "BoundingBox3D Origin Z": 0.8260172605514526,
            "ObjectId": 7,
            "ObjectType": "CAR",
            "Occluded": 0,
            "Relative Velocity X": -1.7251129150390625,
            "Relative Velocity Y": 0.15909910202026367,
            "Relative Velocity Z": 0,
            "Truncated": 0
        },
        {
            "ActorName": "CAR 02",
            "BoundingBox3D Extent X": 3.9690420627593994,
            "BoundingBox3D Extent Y": 1.7145068645477295,
            "BoundingBox3D Extent Z": 1.554603934288025,
            "BoundingBox3D Orientation Quat W": 0.9999999403953552,
            "BoundingBox3D Orientation Quat X": -3.9216319080992434e-09,
            "BoundingBox3D Orientation Quat Y": 5.62576929485914e-10,
            "BoundingBox3D Orientation Quat Z": 0.00040422880556434393,
            "BoundingBox3D Origin X": 72.60932922363281,
            "BoundingBox3D Origin Y": -5.076035022735596,
            "BoundingBox3D Origin Z": 0.5605587959289551,
            "ObjectId": 2,
            "ObjectType": "CAR",
            "Occluded": 0,
            "Relative Velocity X": 3.070648193359375,
            "Relative Velocity Y": 0.11524057388305664,
            "Relative Velocity Z": 0.07600408792495728,
            "Truncated": 0
        },
        {
            "ActorName": "VAN 01",
            "BoundingBox3D Extent X": 5.291935443878174,
            "BoundingBox3D Extent Y": 2.1456520557403564,
            "BoundingBox3D Extent Z": 2.0940957069396973,
            "BoundingBox3D Orientation Quat W": 0.9999991655349731,
            "BoundingBox3D Orientation Quat X": -2.4029733758368366e-09,
            "BoundingBox3D Orientation Quat Y": -4.0175596183189555e-09,
            "BoundingBox3D Orientation Quat Z": 0.0012678410857915878,
            "BoundingBox3D Origin X": -16.839752197265625,
            "BoundingBox3D Origin Y": -3.9645252227783203,
            "BoundingBox3D Origin Z": 1.0742743015289307,
            "ObjectId": 1,
            "ObjectType": "VAN",
            "Occluded": 0,
            "Relative Velocity X": -6.384922027587891,
            "Relative Velocity Y": 0.07047772407531738,
            "Relative Velocity Z": 0.014994144439697266,
            "Truncated": 0
        },
        {
            "ActorName": "CAR 00",
            "BoundingBox3D Extent X": 4.348998546600342,
            "BoundingBox3D Extent Y": 1.8762915134429932,
            "BoundingBox3D Extent Z": 1.5220270156860352,
            "BoundingBox3D Orientation Quat W": 0.9999509453773499,
            "BoundingBox3D Orientation Quat X": 1.3644125829159748e-09,
            "BoundingBox3D Orientation Quat Y": -2.6319082330195087e-11,
            "BoundingBox3D Orientation Quat Z": 0.009911454282701015,
            "BoundingBox3D Origin X": -30.429107666015625,
            "BoundingBox3D Origin Y": -3.935256004333496,
            "BoundingBox3D Origin Z": 0.8322029113769531,
            "ObjectId": 0,
            "ObjectType": "CAR",
            "Occluded": 0,
            "Relative Velocity X": -6.377126693725586,
            "Relative Velocity Y": 0.0026640892028808594,
            "Relative Velocity Z": -0.05289566516876221,
            "Truncated": 0
        },
        {
            "ActorName": "VAN 03",
            "BoundingBox3D Extent X": 6.0255866050720215,
            "BoundingBox3D Extent Y": 2.144935131072998,
            "BoundingBox3D Extent Z": 2.8196897506713867,
            "BoundingBox3D Orientation Quat W": 1,
            "BoundingBox3D Orientation Quat X": 0,
            "BoundingBox3D Orientation Quat Y": 0,
            "BoundingBox3D Orientation Quat Z": 8.14199447631836e-05,
            "BoundingBox3D Origin X": 36.5226936340332,
            "BoundingBox3D Origin Y": -4.60224723815918,
            "BoundingBox3D Origin Z": 1.2900036573410034,
            "ObjectId": 3,
            "ObjectType": "VAN",
            "Occluded": 0,
            "Relative Velocity X": -4.9924468994140625,
            "Relative Velocity Y": -0.16282892227172852,
            "Relative Velocity Z": 0.07527852058410645,
            "Truncated": 0
        }
    ],
    "Timestamp": "4836056255000"
}