{
    "CapturedObjects": [
        {
            "ActorName": "CAR 04",
            "BoundingBox3D Extent X": 4.7388153076171875,
            "BoundingBox3D Extent Y": 2.0734500885009766,
            "BoundingBox3D Extent Z": 1.9572222232818604,
            "BoundingBox3D Orientation Quat W": 1,
            "BoundingBox3D Orientation Quat X": 0,
            "BoundingBox3D Orientation Quat Y": 0,
            "BoundingBox3D Orientation Quat Z": 0,
            "BoundingBox3D Origin X": 114.94673156738281,
            "BoundingBox3D Origin Y": -5.956072807312012,
            "BoundingBox3D Origin Z": 0.40669119358062744,
            "ObjectId": 4,
            "ObjectType": "CAR",
            "Occluded": 0,
            "Relative Velocity X": -1.5128250122070312,
            "Relative Velocity Y": -0.6404962539672852,
            "Relative Velocity Z": -0.14377164840698242,
            "Truncated": 0
        },
        {
            "ActorName": "TRUCK 05",
            "BoundingBox3D Extent X": 16.6685791015625,
            "BoundingBox3D Extent Y": 2.8649961948394775,
            "BoundingBox3D Extent Z": 3.925795555114746,
            "BoundingBox3D Orientation Quat W": 0.9999969601631165,
            "BoundingBox3D Orientation Quat X": -7.352114916869823e-09,
            "BoundingBox3D Orientation Quat Y": 4.1664037553346134e-07,
            "BoundingBox3D Orientation Quat Z": -0.0025137318298220634,
            "BoundingBox3D Origin X": -97.90388488769531,
            "BoundingBox3D Origin Y": -3.082517147064209,
            "BoundingBox3D Origin Z": 2.0688931941986084,
            "ObjectId": 5,
            "ObjectType": "TRUCK",
            "Occluded": 0,
            "Relative Velocity X": -6.114707946777344,
            "Relative Velocity Y": 0.005768299102783203,
            "Relative Velocity Z": -0.06592392921447754,
            "Truncated": 0
        },
        {
            "ActorName": "CAR 06",
            "BoundingBox3D Extent X": 5.29120397567749,
            "BoundingBox3D Extent Y": 2.0086662769317627,
            "BoundingBox3D Extent Z": 1.513735055923462,
            "BoundingBox3D Orientation Quat W": 0.9999921917915344,
            "BoundingBox3D Orientation Quat X": -9.836202075064193e-09,
            "BoundingBox3D Orientation Quat Y": 7.676881352836062e-09,
            "BoundingBox3D Orientation Quat Z": -0.003942209295928478,
            "BoundingBox3D Origin X": -69.8724136352539,
            "BoundingBox3D Origin Y": 0.10348103940486908,
            "BoundingBox3D Origin Z": 0.7606877684593201,
            "ObjectId": 6,
            "ObjectType": "CAR",
            "Occluded": 0,
            "Relative Velocity X": -2.0283432006835938,
            "Relative Velocity Y": -0.012972347438335419,
            "Relative Velocity Z": 0,
            "Truncated": 0
        },
        {
            "ActorName": "CAR 07",
            "BoundingBox3D Extent X": 5.167489051818848,
            "BoundingBox3D Extent Y": 2.1132826805114746,
            "BoundingBox3D Extent Z": 1.606276035308838,
            "BoundingBox3D Orientation Quat W": 0.9999985694885254,
            "BoundingBox3D Orientation Quat X": 0,
            "BoundingBox3D Orientation Quat Y": 0,
            "BoundingBox3D Orientation Quat Z": -0.001747680245898664,
            "BoundingBox3D Origin X": -75.69546508789062,
            "BoundingBox3D Origin Y": -5.546494960784912,
            "BoundingBox3D Origin Z": 0.8260172605514526,
            "ObjectId": 7,
            "ObjectType": "CAR",
            "Occluded": 0,
            "Relative Velocity X": -2.3306121826171875,
            "Relative Velocity Y": 0.6809325218200684,
            "Relative Velocity Z": 5.960464477539063e-08,
            "Truncated": 0
        },
        {
            "ActorName": "CAR 02",
            "BoundingBox3D Extent X": 3.9690418243408203,
            "BoundingBox3D Extent Y": 1.7145068645477295,
            "BoundingBox3D Extent Z": 1.5546038150787354,
            "BoundingBox3D Orientation Quat W": 0.9997197985649109,
            "BoundingBox3D Orientation Quat X": -4.940372000383775e-10,
            "BoundingBox3D Orientation Quat Y": 2.6867423216780928e-11,
            "BoundingBox3D Orientation Quat Z": 0.02367219887673855,
            "BoundingBox3D Origin X": 66.07696533203125,
            "BoundingBox3D Origin Y": -5.862608909606934,
            "BoundingBox3D Origin Z": 0.5698344707489014,
            "ObjectId": 2,
            "ObjectType": "CAR",
            "Occluded": 0,
            "Relative Velocity X": 3.502471923828125,
            "Relative Velocity Y": 1.1541013717651367,
            "Relative Velocity Z": -0.011582911014556885,
            "Truncated": 0
        },
        {
            "ActorName": "VAN 01",
            "BoundingBox3D Extent X": 5.291935443878174,
            "BoundingBox3D Extent Y": 2.1456520557403564,
            "BoundingBox3D Extent Z": 2.0940957069396973,
            "BoundingBox3D Orientation Quat W": 0.9999991655349731,
            "BoundingBox3D Orientation Quat X": -2.4029733758368366e-09,
            "BoundingBox3D Orientation Quat Y": -4.0175596183189555e-09,
            "BoundingBox3D Orientation Quat Z": 0.0012678410857915878,
            "BoundingBox3D Origin X": -4.979609966278076,
            "BoundingBox3D Origin Y": -4.030466556549072,
            "BoundingBox3D Origin Z": 1.0291295051574707,
            "ObjectId": 1,
            "ObjectType": "VAN",
            "Occluded": 0,
            "Relative Velocity X": -6.377662658691406,
            "Relative Velocity Y": 0.018065452575683594,
            "Relative Velocity Z": -0.043779969215393066,
            "Truncated": 0
        },
        {
            "ActorName": "CAR 00",
            "BoundingBox3D Extent X": 4.348998546600342,
            "BoundingBox3D Extent Y": 1.8762915134429932,
            "BoundingBox3D Extent Z": 1.5220270156860352,
            "BoundingBox3D Orientation Quat W": 0.9999493956565857,
            "BoundingBox3D Orientation Quat X": -8.587915378832633e-10,
            "BoundingBox3D Orientation Quat Y": 5.647110778994602e-09,
            "BoundingBox3D Orientation Quat Z": 0.01006312482059002,
            "BoundingBox3D Origin X": -18.30259132385254,
            "BoundingBox3D Origin Y": -4.200883865356445,
            "BoundingBox3D Origin Z": 0.7973263263702393,
            "ObjectId": 0,
            "ObjectType": "CAR",
            "Occluded": 0,
            "Relative Velocity X": -6.3516950607299805,
            "Relative Velocity Y": 0.3893742561340332,
            "Relative Velocity Z": 0.022177815437316895,
            "Truncated": 0
        },
        {
            "ActorName": "VAN 03",
            "BoundingBox3D Extent X": 6.025586128234863,
            "BoundingBox3D Extent Y": 2.144935131072998,
            "BoundingBox3D Extent Z": 2.8196897506713867,
            "BoundingBox3D Orientation Quat W": 0.9999995231628418,
            "BoundingBox3D Orientation Quat X": 0,
            "BoundingBox3D Orientation Quat Y": 0,
            "BoundingBox3D Orientation Quat Z": -0.0010295063257217407,
            "BoundingBox3D Origin X": 45.94336700439453,
            "BoundingBox3D Origin Y": -4.268894195556641,
            "BoundingBox3D Origin Z": 1.2635307312011719,
            "ObjectId": 3,
            "ObjectType": "VAN",
            "Occluded": 0,
            "Relative Velocity X": -5.019050598144531,
            "Relative Velocity Y": -0.10526609420776367,
            "Relative Velocity Z": -0.008127808570861816,
            "Truncated": 0
        }
    ],
    "Timestamp": "4834189582000"
}