{
    "CapturedObjects": [
        {
            "ActorName": "CAR 04",
            "BoundingBox3D Extent X": 4.7388153076171875,
            "BoundingBox3D Extent Y": 2.0734503269195557,
            "BoundingBox3D Extent Z": 1.9572224617004395,
            "BoundingBox3D Orientation Quat W": 1,
            "BoundingBox3D Orientation Quat X": 0,
            "BoundingBox3D Orientation Quat Y": 0,
            "BoundingBox3D Orientation Quat Z": 0,
            "BoundingBox3D Origin X": 113.96675872802734,
            "BoundingBox3D Origin Y": -6.3641438484191895,
            "BoundingBox3D Origin Z": 0.3265530467033386,
            "ObjectId": 4,
            "ObjectType": "CAR",
            "Occluded": 0,
            "Relative Velocity X": -1.3739013671875,
            "Relative Velocity Y": -0.5362935066223145,
            "Relative Velocity Z": -0.05509448051452637,
            "Truncated": 0
        },
        {
            "ActorName": "TRUCK 05",
            "BoundingBox3D Extent X": 16.6685791015625,
            "BoundingBox3D Extent Y": 2.8649961948394775,
            "BoundingBox3D Extent Z": 3.925795555114746,
            "BoundingBox3D Orientation Quat W": 0.9999707937240601,
            "BoundingBox3D Orientation Quat X": 1.737004540203202e-09,
            "BoundingBox3D Orientation Quat Y": 2.2426628731864184e-07,
            "BoundingBox3D Orientation Quat Z": -0.007663421798497438,
            "BoundingBox3D Origin X": -101.99522399902344,
            "BoundingBox3D Origin Y": -3.1297497749328613,
            "BoundingBox3D Origin Z": 2.0636584758758545,
            "ObjectId": 5,
            "ObjectType": "TRUCK",
            "Occluded": 0,
            "Relative Velocity X": -6.170318603515625,
            "Relative Velocity Y": -0.18577051162719727,
            "Relative Velocity Z": 0.0792536735534668,
            "Truncated": 0
        },
        {
            "ActorName": "CAR 06",
            "BoundingBox3D Extent X": 5.29120397567749,
            "BoundingBox3D Extent Y": 2.0086662769317627,
            "BoundingBox3D Extent Z": 1.513735055923462,
            "BoundingBox3D Orientation Quat W": 0.9999706149101257,
            "BoundingBox3D Orientation Quat X": 1.9330486100699318e-09,
            "BoundingBox3D Orientation Quat Y": -8.201284984465929e-09,
            "BoundingBox3D Orientation Quat Z": -0.007659561932086945,
            "BoundingBox3D Origin X": -71.23157501220703,
            "BoundingBox3D Origin Y": 0.04634563624858856,
            "BoundingBox3D Origin Z": 0.7606877684593201,
            "ObjectId": 6,
            "ObjectType": "CAR",
            "Occluded": 0,
            "Relative Velocity X": -2.054290771484375,
            "Relative Velocity Y": -0.19479526579380035,
            "Relative Velocity Z": -5.960464477539063e-08,
            "Truncated": 0
        },
        {
            "ActorName": "CAR 07",
            "BoundingBox3D Extent X": 5.167489051818848,
            "BoundingBox3D Extent Y": 2.1132826805114746,
            "BoundingBox3D Extent Z": 1.606276035308838,
            "BoundingBox3D Orientation Quat W": 0.9999985694885254,
            "BoundingBox3D Orientation Quat X": 0,
            "BoundingBox3D Orientation Quat Y": 0,
            "BoundingBox3D Orientation Quat Z": -0.001747680245898664,
            "BoundingBox3D Origin X": -77.17965698242188,
            "BoundingBox3D Origin Y": -5.132078647613525,
            "BoundingBox3D Origin Z": 0.8260172605514526,
            "ObjectId": 7,
            "ObjectType": "CAR",
            "Occluded": 0,
            "Relative Velocity X": -2.0697555541992188,
            "Relative Velocity Y": 0.5326523780822754,
            "Relative Velocity Z": 0,
            "Truncated": 0
        },
        {
            "ActorName": "CAR 02",
            "BoundingBox3D Extent X": 3.9690423011779785,
            "BoundingBox3D Extent Y": 1.714506983757019,
            "BoundingBox3D Extent Z": 1.5546040534973145,
            "BoundingBox3D Orientation Quat W": 0.9997379183769226,
            "BoundingBox3D Orientation Quat X": -6.264372354181091e-10,
            "BoundingBox3D Orientation Quat Y": 1.1420353551727658e-10,
            "BoundingBox3D Orientation Quat Z": 0.02288942225277424,
            "BoundingBox3D Origin X": 68.43584442138672,
            "BoundingBox3D Origin Y": -5.229231834411621,
            "BoundingBox3D Origin Z": 0.5588712096214294,
            "ObjectId": 2,
            "ObjectType": "CAR",
            "Occluded": 0,
            "Relative Velocity X": 3.615875244140625,
            "Relative Velocity Y": 0.5079584121704102,
            "Relative Velocity Z": -0.02697896957397461,
            "Truncated": 0
        },
        {
            "ActorName": "VAN 01",
            "BoundingBox3D Extent X": 5.291935443878174,
            "BoundingBox3D Extent Y": 2.1456520557403564,
            "BoundingBox3D Extent Z": 2.0940957069396973,
            "BoundingBox3D Orientation Quat W": 0.9999991655349731,
            "BoundingBox3D Orientation Quat X": -2.4029733758368366e-09,
            "BoundingBox3D Orientation Quat Y": -4.0175596183189555e-09,
            "BoundingBox3D Orientation Quat Z": 0.0012678410857915878,
            "BoundingBox3D Origin X": -9.222003936767578,
            "BoundingBox3D Origin Y": -4.0166754722595215,
            "BoundingBox3D Origin Z": 1.0196648836135864,
            "ObjectId": 1,
            "ObjectType": "VAN",
            "Occluded": 0,
            "Relative Velocity X": -6.342355728149414,
            "Relative Velocity Y": 0.024616718292236328,
            "Relative Velocity Z": 0.03017723560333252,
            "Truncated": 0
        },
        {
            "ActorName": "CAR 00",
            "BoundingBox3D Extent X": 4.348998546600342,
            "BoundingBox3D Extent Y": 1.8762916326522827,
            "BoundingBox3D Extent Z": 1.5220271348953247,
            "BoundingBox3D Orientation Quat W": 0.9999929666519165,
            "BoundingBox3D Orientation Quat X": -8.333905787694107e-10,
            "BoundingBox3D Orientation Quat Y": 8.461907619050635e-09,
            "BoundingBox3D Orientation Quat Z": 0.0037316225934773684,
            "BoundingBox3D Origin X": -22.587726593017578,
            "BoundingBox3D Origin Y": -3.9979400634765625,
            "BoundingBox3D Origin Z": 0.8173666000366211,
            "ObjectId": 0,
            "ObjectType": "CAR",
            "Occluded": 0,
            "Relative Velocity X": -6.541587829589844,
            "Relative Velocity Y": 0.17697429656982422,
            "Relative Velocity Z": 0.04188382625579834,
            "Truncated": 0
        },
        {
            "ActorName": "VAN 03",
            "BoundingBox3D Extent X": 6.0255866050720215,
            "BoundingBox3D Extent Y": 2.144935131072998,
            "BoundingBox3D Extent Z": 2.819689989089966,
            "BoundingBox3D Orientation Quat W": 1,
            "BoundingBox3D Orientation Quat X": 0,
            "BoundingBox3D Orientation Quat Y": 0,
            "BoundingBox3D Orientation Quat Z": 8.14199447631836e-05,
            "BoundingBox3D Origin X": 42.58744812011719,
            "BoundingBox3D Origin Y": -4.355042934417725,
            "BoundingBox3D Origin Z": 1.2598921060562134,
            "ObjectId": 3,
            "ObjectType": "VAN",
            "Occluded": 0,
            "Relative Velocity X": -5.061393737792969,
            "Relative Velocity Y": -0.18250513076782227,
            "Relative Velocity Z": -0.0025014877319335938,
            "Truncated": 0
        }
    ],
    "Timestamp": "4834856248000"
}