{
    "CapturedObjects": [
        {
            "ActorName": "CAR 04",
            "BoundingBox3D Extent X": 4.7388153076171875,
            "BoundingBox3D Extent Y": 2.0734503269195557,
            "BoundingBox3D Extent Z": 1.95722234249115,
            "BoundingBox3D Orientation Quat W": 1,
            "BoundingBox3D Orientation Quat X": 0,
            "BoundingBox3D Orientation Quat Y": 0,
            "BoundingBox3D Orientation Quat Z": 0,
            "BoundingBox3D Origin X": 115.65338897705078,
            "BoundingBox3D Origin Y": -5.654105186462402,
            "BoundingBox3D Origin Z": 0.4768097996711731,
            "ObjectId": 4,
            "ObjectType": "CAR",
            "Occluded": 0,
            "Relative Velocity X": -1.4923095703125,
            "Relative Velocity Y": -0.5482339859008789,
            "Relative Velocity Z": -0.05300065875053406,
            "Truncated": 0
        },
        {
            "ActorName": "TRUCK 05",
            "BoundingBox3D Extent X": 16.6685791015625,
            "BoundingBox3D Extent Y": 2.8649961948394775,
            "BoundingBox3D Extent Z": 3.925795555114746,
            "BoundingBox3D Orientation Quat W": 0.9999961256980896,
            "BoundingBox3D Orientation Quat X": -1.6171975758538792e-08,
            "BoundingBox3D Orientation Quat Y": 7.123070417947019e-07,
            "BoundingBox3D Orientation Quat Z": 0.0027962694875895977,
            "BoundingBox3D Origin X": -95.05171966552734,
            "BoundingBox3D Origin Y": -3.0896782875061035,
            "BoundingBox3D Origin Z": 2.1030445098876953,
            "ObjectId": 5,
            "ObjectType": "TRUCK",
            "Occluded": 0,
            "Relative Velocity X": -6.0312957763671875,
            "Relative Velocity Y": -0.11107563972473145,
            "Relative Velocity Z": -0.00975489616394043,
            "Truncated": 0
        },
        {
            "ActorName": "CAR 06",
            "BoundingBox3D Extent X": 5.29120397567749,
            "BoundingBox3D Extent Y": 2.0086662769317627,
            "BoundingBox3D Extent Z": 1.513735055923462,
            "BoundingBox3D Orientation Quat W": 0.9999960660934448,
            "BoundingBox3D Orientation Quat X": -2.024414236245775e-08,
            "BoundingBox3D Orientation Quat Y": 1.5768529593174208e-08,
            "BoundingBox3D Orientation Quat Z": 0.0028182067908346653,
            "BoundingBox3D Origin X": -68.9264907836914,
            "BoundingBox3D Origin Y": 0.10529229044914246,
            "BoundingBox3D Origin Z": 0.7606877684593201,
            "ObjectId": 6,
            "ObjectType": "CAR",
            "Occluded": 0,
            "Relative Velocity X": -1.95538330078125,
            "Relative Velocity Y": -0.06616351008415222,
            "Relative Velocity Z": 0,
            "Truncated": 0
        },
        {
            "ActorName": "CAR 07",
            "BoundingBox3D Extent X": 5.167489051818848,
            "BoundingBox3D Extent Y": 2.1132826805114746,
            "BoundingBox3D Extent Z": 1.606276035308838,
            "BoundingBox3D Orientation Quat W": 0.9999985694885254,
            "BoundingBox3D Orientation Quat X": 0,
            "BoundingBox3D Orientation Quat Y": 0,
            "BoundingBox3D Orientation Quat Z": -0.001747680245898664,
            "BoundingBox3D Origin X": -74.6017837524414,
            "BoundingBox3D Origin Y": -5.867716312408447,
            "BoundingBox3D Origin Z": 0.8260172605514526,
            "ObjectId": 7,
            "ObjectType": "CAR",
            "Occluded": 0,
            "Relative Velocity X": -2.0565643310546875,
            "Relative Velocity Y": 0.642967700958252,
            "Relative Velocity Z": -0.020569443702697754,
            "Truncated": 0
        },
        {
            "ActorName": "CAR 02",
            "BoundingBox3D Extent X": 3.9690420627593994,
            "BoundingBox3D Extent Y": 1.7145068645477295,
            "BoundingBox3D Extent Z": 1.554603934288025,
            "BoundingBox3D Orientation Quat W": 0.9997871518135071,
            "BoundingBox3D Orientation Quat X": -9.263006472970403e-10,
            "BoundingBox3D Orientation Quat Y": 5.037537748053822e-11,
            "BoundingBox3D Orientation Quat Z": 0.020631803199648857,
            "BoundingBox3D Origin X": 64.44252014160156,
            "BoundingBox3D Origin Y": -6.401177406311035,
            "BoundingBox3D Origin Z": 0.5752396583557129,
            "ObjectId": 2,
            "ObjectType": "CAR",
            "Occluded": 0,
            "Relative Velocity X": 3.502471923828125,
            "Relative Velocity Y": 1.1541013717651367,
            "Relative Velocity Z": -0.01158285140991211,
            "Truncated": 0
        },
        {
            "ActorName": "VAN 01",
            "BoundingBox3D Extent X": 5.291935443878174,
            "BoundingBox3D Extent Y": 2.1456520557403564,
            "BoundingBox3D Extent Z": 2.0940957069396973,
            "BoundingBox3D Orientation Quat W": 0.9999991655349731,
            "BoundingBox3D Orientation Quat X": -2.4029733758368366e-09,
            "BoundingBox3D Orientation Quat Y": -4.0175596183189555e-09,
            "BoundingBox3D Orientation Quat Z": 0.0012678410857915878,
            "BoundingBox3D Origin X": -2.0026118755340576,
            "BoundingBox3D Origin Y": -4.03874397277832,
            "BoundingBox3D Origin Z": 1.0512852668762207,
            "ObjectId": 1,
            "ObjectType": "VAN",
            "Occluded": 0,
            "Relative Velocity X": -6.274831295013428,
            "Relative Velocity Y": 0.03896903991699219,
            "Relative Velocity Z": -0.017499685287475586,
            "Truncated": 0
        },
        {
            "ActorName": "CAR 00",
            "BoundingBox3D Extent X": 4.348998546600342,
            "BoundingBox3D Extent Y": 1.8762915134429932,
            "BoundingBox3D Extent Z": 1.5220270156860352,
            "BoundingBox3D Orientation Quat W": 0.9998612999916077,
            "BoundingBox3D Orientation Quat X": -1.0731874416913811e-10,
            "BoundingBox3D Orientation Quat Y": 7.05690283986371e-10,
            "BoundingBox3D Orientation Quat Z": 0.016657641157507896,
            "BoundingBox3D Origin X": -15.342964172363281,
            "BoundingBox3D Origin Y": -4.387543201446533,
            "BoundingBox3D Origin Z": 0.7874366641044617,
            "ObjectId": 0,
            "ObjectType": "CAR",
            "Occluded": 0,
            "Relative Velocity X": -6.39604377746582,
            "Relative Velocity Y": 0.6503753662109375,
            "Relative Velocity Z": 0.01273488998413086,
            "Truncated": 0
        },
        {
            "ActorName": "VAN 03",
            "BoundingBox3D Extent X": 6.0255866050720215,
            "BoundingBox3D Extent Y": 2.144935131072998,
            "BoundingBox3D Extent Z": 2.8196897506713867,
            "BoundingBox3D Orientation Quat W": 0.9999980926513672,
            "BoundingBox3D Orientation Quat X": 0,
            "BoundingBox3D Orientation Quat Y": 0,
            "BoundingBox3D Orientation Quat Z": -0.0020015332847833633,
            "BoundingBox3D Origin X": 48.28650665283203,
            "BoundingBox3D Origin Y": -4.220067977905273,
            "BoundingBox3D Origin Z": 1.2667144536972046,
            "ObjectId": 3,
            "ObjectType": "VAN",
            "Occluded": 0,
            "Relative Velocity X": -4.989902496337891,
            "Relative Velocity Y": -0.1141667366027832,
            "Relative Velocity Z": -0.026396989822387695,
            "Truncated": 0
        }
    ],
    "Timestamp": "4833722917000"
}