{
    "CapturedObjects": [
        {
            "ActorName": "CAR 04",
            "BoundingBox3D Extent X": 4.7388153076171875,
            "BoundingBox3D Extent Y": 2.0734503269195557,
            "BoundingBox3D Extent Z": 1.95722234249115,
            "BoundingBox3D Orientation Quat W": 1,
            "BoundingBox3D Orientation Quat X": 0,
            "BoundingBox3D Orientation Quat Y": 0,
            "BoundingBox3D Orientation Quat Z": 0,
            "BoundingBox3D Origin X": 113.01881408691406,
            "BoundingBox3D Origin Y": -6.710392951965332,
            "BoundingBox3D Origin Z": 0.32655301690101624,
            "ObjectId": 4,
            "ObjectType": "CAR",
            "Occluded": 0,
            "Relative Velocity X": -1.1562423706054688,
            "Relative Velocity Y": -0.3967733383178711,
            "Relative Velocity Z": 2.9802322387695312e-08,
            "Truncated": 0
        },
        {
            "ActorName": "TRUCK 05",
            "BoundingBox3D Extent X": 16.6685791015625,
            "BoundingBox3D Extent Y": 2.8649961948394775,
            "BoundingBox3D Extent Z": 3.925795555114746,
            "BoundingBox3D Orientation Quat W": 0.9999751448631287,
            "BoundingBox3D Orientation Quat X": 2.722758019046978e-09,
            "BoundingBox3D Orientation Quat Y": 6.030721806382644e-07,
            "BoundingBox3D Orientation Quat Z": -0.007075417786836624,
            "BoundingBox3D Origin X": -106.5385513305664,
            "BoundingBox3D Origin Y": -3.3291914463043213,
            "BoundingBox3D Origin Z": 2.169687271118164,
            "ObjectId": 5,
            "ObjectType": "TRUCK",
            "Occluded": 0,
            "Relative Velocity X": -6.1953277587890625,
            "Relative Velocity Y": -0.2719607353210449,
            "Relative Velocity Z": 0.14458227157592773,
            "Truncated": 0
        },
        {
            "ActorName": "CAR 06",
            "BoundingBox3D Extent X": 5.29120397567749,
            "BoundingBox3D Extent Y": 2.0086662769317627,
            "BoundingBox3D Extent Z": 1.513735055923462,
            "BoundingBox3D Orientation Quat W": 0.9999938011169434,
            "BoundingBox3D Orientation Quat X": 6.921704542861562e-09,
            "BoundingBox3D Orientation Quat Y": -3.6748492249216724e-08,
            "BoundingBox3D Orientation Quat Z": 0.0034985775128006935,
            "BoundingBox3D Origin X": -72.74664306640625,
            "BoundingBox3D Origin Y": -0.15650810301303864,
            "BoundingBox3D Origin Z": 0.7606876492500305,
            "ObjectId": 6,
            "ObjectType": "CAR",
            "Occluded": 0,
            "Relative Velocity X": -2.1625518798828125,
            "Relative Velocity Y": -0.33176782727241516,
            "Relative Velocity Z": -1.1920928955078125e-07,
            "Truncated": 0
        },
        {
            "ActorName": "CAR 07",
            "BoundingBox3D Extent X": 5.167489051818848,
            "BoundingBox3D Extent Y": 2.1132826805114746,
            "BoundingBox3D Extent Z": 1.606276035308838,
            "BoundingBox3D Orientation Quat W": 0.9999985694885254,
            "BoundingBox3D Orientation Quat X": 0,
            "BoundingBox3D Orientation Quat Y": 0,
            "BoundingBox3D Orientation Quat Z": -0.001747680245898664,
            "BoundingBox3D Origin X": -78.61141967773438,
            "BoundingBox3D Origin Y": -4.79039192199707,
            "BoundingBox3D Origin Z": 0.8260172605514526,
            "ObjectId": 7,
            "ObjectType": "CAR",
            "Occluded": 0,
            "Relative Velocity X": -1.8429412841796875,
            "Relative Velocity Y": 0.3181905746459961,
            "Relative Velocity Z": 0,
            "Truncated": 0
        },
        {
            "ActorName": "CAR 02",
            "BoundingBox3D Extent X": 3.9690420627593994,
            "BoundingBox3D Extent Y": 1.7145068645477295,
            "BoundingBox3D Extent Z": 1.554603934288025,
            "BoundingBox3D Orientation Quat W": 0.9999997615814209,
            "BoundingBox3D Orientation Quat X": -4.071407655459325e-09,
            "BoundingBox3D Orientation Quat Y": 7.422437109383395e-10,
            "BoundingBox3D Orientation Quat Z": -0.0005319074844010174,
            "BoundingBox3D Origin X": 71.13568115234375,
            "BoundingBox3D Origin Y": -5.131054401397705,
            "BoundingBox3D Origin Z": 0.5325495004653931,
            "ObjectId": 2,
            "ObjectType": "CAR",
            "Occluded": 0,
            "Relative Velocity X": 3.4127349853515625,
            "Relative Velocity Y": 0.12567567825317383,
            "Relative Velocity Z": 0.01334381103515625,
            "Truncated": 0
        },
        {
            "ActorName": "VAN 01",
            "BoundingBox3D Extent X": 5.291935443878174,
            "BoundingBox3D Extent Y": 2.1456520557403564,
            "BoundingBox3D Extent Z": 2.0940957069396973,
            "BoundingBox3D Orientation Quat W": 0.9999991655349731,
            "BoundingBox3D Orientation Quat X": -2.4029733758368366e-09,
            "BoundingBox3D Orientation Quat Y": -4.0175596183189555e-09,
            "BoundingBox3D Orientation Quat Z": 0.0012678410857915878,
            "BoundingBox3D Origin X": -13.86150074005127,
            "BoundingBox3D Origin Y": -3.9964611530303955,
            "BoundingBox3D Origin Z": 1.066200852394104,
            "ObjectId": 1,
            "ObjectType": "VAN",
            "Occluded": 0,
            "Relative Velocity X": -6.3546142578125,
            "Relative Velocity Y": 0.04822731018066406,
            "Relative Velocity Z": 0.040122389793395996,
            "Truncated": 0
        },
        {
            "ActorName": "CAR 00",
            "BoundingBox3D Extent X": 4.348998546600342,
            "BoundingBox3D Extent Y": 1.8762915134429932,
            "BoundingBox3D Extent Z": 1.5220270156860352,
            "BoundingBox3D Orientation Quat W": 0.9999889731407166,
            "BoundingBox3D Orientation Quat X": 2.0150565660514985e-09,
            "BoundingBox3D Orientation Quat Y": 6.648052663926762e-10,
            "BoundingBox3D Orientation Quat Z": 0.004698172677308321,
            "BoundingBox3D Origin X": -27.44764518737793,
            "BoundingBox3D Origin Y": -3.9382476806640625,
            "BoundingBox3D Origin Z": 0.8545849919319153,
            "ObjectId": 0,
            "ObjectType": "CAR",
            "Occluded": 0,
            "Relative Velocity X": -6.506704330444336,
            "Relative Velocity Y": 0.043487548828125,
            "Relative Velocity Z": 0.0008456707000732422,
            "Truncated": 0
        },
        {
            "ActorName": "VAN 03",
            "BoundingBox3D Extent X": 6.0255866050720215,
            "BoundingBox3D Extent Y": 2.144935131072998,
            "BoundingBox3D Extent Z": 2.8196897506713867,
            "BoundingBox3D Orientation Quat W": 1,
            "BoundingBox3D Orientation Quat X": 0,
            "BoundingBox3D Orientation Quat Y": 0,
            "BoundingBox3D Orientation Quat Z": 8.14199447631836e-05,
            "BoundingBox3D Origin X": 38.85858917236328,
            "BoundingBox3D Origin Y": -4.521945953369141,
            "BoundingBox3D Origin Z": 1.2598921060562134,
            "ObjectId": 3,
            "ObjectType": "VAN",
            "Occluded": 0,
            "Relative Velocity X": -5.044105529785156,
            "Relative Velocity Y": -0.1990947723388672,
            "Relative Velocity Z": 0.03312385082244873,
            "Truncated": 0
        }
    ],
    "Timestamp": "4835589584000"
}