{
    "RT_B_LRR_C_from_body": [
        [
            -0.9994258600450011,
            0.006977422112343165,
            -0.033155178388526274,
            -1.0968246134461883
        ],
        [
            -0.007005732287152385,
            -0.9999751873944134,
            0.0007377741035014547,
            -0.0067223298823742665
        ],
        [
            -0.03314920796081809,
            0.000969626821633667,
            0.9994499436366974,
            -0.5869833320757933
        ],
        [
            0.0,
            0.0,
            0.0,
            1.0
        ]
    ],
    "RT_B_MIDRANGECAM_C_from_body": [
        [
            -0.014652693671725702,
            0.9998853398132781,
            0.0038217528239839313,
            -0.005178303761528737
        ],
        [
            0.016260479572615998,
            0.0040599413870150486,
            -0.9998595469764755,
            1.3697607244647187
        ],
        [
            -0.9997604189865844,
            -0.014588492122870748,
            -0.016318104220461115,
            0.07426663463398733
        ],
        [
            0.0,
            0.0,
            0.0,
            1.0
        ]
    ],
    "RT_F_LRR_C_from_body": [
        [
            0.9998153368481835,
            -0.012215656463956892,
            -0.014834754474137991,
            -3.8065015847753103
        ],
        [
            0.012249229225396665,
            0.9999226112709749,
            0.0021743625314374626,
            -0.045096542662532484
        ],
        [
            0.014807045165631702,
            -0.0023556753148554115,
            0.9998875947861708,
            -0.4220178871937458
        ],
        [
            0.0,
            0.0,
            0.0,
            1.0
        ]
    ],
    "RT_F_MIDLONGRANGECAM_CL_from_body": [
        [
            -0.022240667233473538,
            -0.9997262833616549,
            -0.007260239452082491,
            0.15918619433647785
        ],
        [
            0.00872903857906467,
            0.007067576380776066,
            -0.9999369246355428,
            1.231106980114071
        ],
        [
            0.999714537558845,
            -0.022302639305552485,
            0.008569461681536827,
            -1.938859455573103
        ],
        [
            0.0,
            0.0,
            0.0,
            1.0
        ]
    ],
    "RT_M_FISHEYE_L_from_body": [
        [
            0.9993801300280758,
            0.03167407979561412,
            -0.015365818369579167,
            -1.0550145737642007
        ],
        [
            -0.0014565246697285663,
            -0.39889843276322656,
            -0.9169939579271656,
            1.553085097759621
        ],
        [
            -0.03517434066123051,
            0.9164479216017363,
            -0.3986050335242959,
            0.016411006053386842
        ],
        [
            0.0,
            0.0,
            0.0,
            1.0
        ]
    ],
    "RT_M_FISHEYE_R_from_body": [
        [
            -0.9982583215955351,
            0.05890750779775729,
            -0.003198263641810158,
            1.0965554601921574
        ],
        [
            0.026526038194538273,
            0.39977058788090725,
            -0.916231327975122,
            1.522963428617537
        ],
        [
            -0.05269433236095936,
            -0.9147203849212124,
            -0.4006368988830432,
            0.0389532766872155
        ],
        [
            0.0,
            0.0,
            0.0,
            1.0
        ]
    ],
    "RT_M_LIDAR_M_from_body": [
        [
            0.023226866287989954,
            0.9997199212541444,
            0.004537811151454003,
            -0.035816370793117676
        ],
        [
            -0.9997241315964314,
            0.023210644425240692,
            0.003595370513023775,
            1.1510020563729748
        ],
        [
            0.003489038005054311,
            -0.004620068502897741,
            0.9999832406499761,
            -1.6863039838663416
        ],
        [
            0.0,
            0.0,
            0.0,
            1.0
        ]
    ],
    "RT_body_from_B_LRR_C": [
        [
            -0.9994258600450021,
            -0.007005732287152391,
            -0.033149207960818106,
            -1.11570001
        ],
        [
            0.006977422112343172,
            -0.9999751873944143,
            0.0009696268216336673,
            0.00150000001
        ],
        [
            -0.03315517838852629,
            0.0007377741035014549,
            0.9994499436366971,
            0.550300002
        ],
        [
            0.0,
            0.0,
            0.0,
            1.0
        ]
    ],
    "RT_body_from_B_MIDRANGECAM_C": [
        [
            -0.014652693671725706,
            0.016260479572616,
            -0.9997604189865847,
            0.051899999380111694
        ],
        [
            0.9998853398132785,
            0.004059941387015049,
            -0.014588492122870755,
            0.000699999975040555
        ],
        [
            0.003821752823983932,
            -0.9998595469764754,
            -0.01631810422046111,
            1.3708000183105469
        ],
        [
            0.0,
            0.0,
            0.0,
            1.0
        ]
    ],
    "RT_body_from_F_LRR_C": [
        [
            0.9998153368481835,
            0.012249229225396667,
            0.014807045165631702,
            3.8125999
        ],
        [
            -0.012215656463956892,
            0.9999226112709751,
            -0.0023556753148554115,
            -0.00240000011
        ],
        [
            -0.014834754474137993,
            0.0021743625314374635,
            0.999887594786171,
            0.36559999
        ],
        [
            0.0,
            0.0,
            0.0,
            1.0
        ]
    ],
    "RT_body_from_F_MIDLONGRANGECAM_CL": [
        [
            -0.022240667233473534,
            0.00872903857906467,
            0.9997145375588449,
            1.9311000108718872
        ],
        [
            -0.9997262833616551,
            0.007067576380776066,
            -0.02230263930555249,
            0.10719999670982361
        ],
        [
            -0.007260239452082491,
            -0.9999369246355427,
            0.008569461681536827,
            1.2488000392913818
        ],
        [
            0.0,
            0.0,
            0.0,
            1.0
        ]
    ],
    "RT_body_from_M_FISHEYE_L": [
        [
            0.9993801300280762,
            -0.0014565246697286205,
            -0.035174340661230596,
            1.0571999549865723
        ],
        [
            0.031674079795614096,
            -0.3988984327632267,
            0.9164479216017367,
            0.6378999948501587
        ],
        [
            -0.015365818369579093,
            -0.9169939579271654,
            -0.39860503352429594,
            1.4144999980926514
        ],
        [
            0.0,
            0.0,
            0.0,
            1.0
        ]
    ],
    "RT_body_from_M_FISHEYE_R": [
        [
            -0.9982583215955351,
            0.026526038194538276,
            -0.05269433236095944,
            1.0563000440597534
        ],
        [
            0.05890750779775722,
            0.3997705878809073,
            -0.9147203849212123,
            -0.6377999782562256
        ],
        [
            -0.003198263641810195,
            -0.9162313279751221,
            -0.4006368988830432,
            1.4144999980926514
        ],
        [
            0.0,
            0.0,
            0.0,
            1.0
        ]
    ],